#
# There is insufficient memory for the Java Runtime Environment to continue.
# Native memory allocation (malloc) failed to allocate 2278096 bytes. Error detail: Chunk::new
# Possible reasons:
#   The system is out of physical RAM or swap space
#   This process is running with CompressedOops enabled, and the Java Heap may be blocking the growth of the native heap
# Possible solutions:
#   Reduce memory load on the system
#   Increase physical memory or swap space
#   Check if swap backing store is full
#   Decrease Java heap size (-Xmx/-Xms)
#   Decrease number of Java threads
#   Decrease Java thread stack sizes (-Xss)
#   Set larger code cache with -XX:ReservedCodeCacheSize=
#   JVM is running with Unscaled Compressed Oops mode in which the Java heap is
#     placed in the first 4GB address space. The Java Heap base address is the
#     maximum limit for the native heap growth. Please use -XX:HeapBaseMinAddress
#     to set the Java Heap base and to place the Java Heap above 4GB virtual address.
# This output file may be truncated or incomplete.
#
#  Out of Memory Error (arena.cpp:168), pid=10704, tid=43232
#
# JRE version: OpenJDK Runtime Environment Temurin-21.0.12+8 (21.0.12+8) (build 21.0.12+8-LTS)
# Java VM: OpenJDK 64-Bit Server VM Temurin-21.0.12+8 (21.0.12+8-LTS, mixed mode, sharing, tiered, compressed oops, compressed class ptrs, g1 gc, windows-amd64)
# No core dump will be written. Minidumps are not enabled by default on client versions of Windows
#

---------------  S U M M A R Y ------------

Command Line: --add-opens=java.base/java.lang=ALL-UNNAMED --add-opens=java.base/java.lang.invoke=ALL-UNNAMED --add-opens=java.base/java.util=ALL-UNNAMED --add-opens=java.prefs/java.util.prefs=ALL-UNNAMED --add-exports=jdk.compiler/com.sun.tools.javac.api=ALL-UNNAMED --add-exports=jdk.compiler/com.sun.tools.javac.util=ALL-UNNAMED --add-opens=java.base/java.util=ALL-UNNAMED --add-opens=java.prefs/java.util.prefs=ALL-UNNAMED --add-opens=java.base/java.nio.charset=ALL-UNNAMED --add-opens=java.base/java.net=ALL-UNNAMED --add-opens=java.base/java.util.concurrent.atomic=ALL-UNNAMED --add-opens=java.xml/javax.xml.namespace=ALL-UNNAMED -Xmx2048m -Dfile.encoding=UTF-8 -Duser.country=US -Duser.language=en -Duser.variant -javaagent:C:\Users\harsh\.gradle\wrapper\dists\gradle-8.13-bin\5xuhj0ry160q40clulazy9h7d\gradle-8.13\lib\agents\gradle-instrumentation-agent-8.13.jar org.gradle.launcher.daemon.bootstrap.GradleDaemon 8.13

Host: 12th Gen Intel(R) Core(TM) i7-1250U, 12 cores, 15G,  Windows 11 , 64 bit Build 26100 (10.0.26100.8875)
Time: Wed Aug 12 07:02:20 2026 India Standard Time elapsed time: 256.517432 seconds (0d 0h 4m 16s)

---------------  T H R E A D  ---------------

Current thread (0x0000022d7fa241f0):  JavaThread "C2 CompilerThread0" daemon [_thread_in_native, id=43232, stack(0x000000d3c1100000,0x000000d3c1200000) (1024K)]


Current CompileTask:
C2:256517 23558       4       org.gradle.api.internal.artifacts.configurations.DefaultConfiguration::<init> (717 bytes)

Stack: [0x000000d3c1100000,0x000000d3c1200000]
Native frames: (J=compiled Java code, j=interpreted, Vv=VM code, C=native code)
V  [jvm.dll+0x6d83e9]
V  [jvm.dll+0x8b5736]
V  [jvm.dll+0x8b7cee]
V  [jvm.dll+0x8b83d3]
V  [jvm.dll+0x284596]
V  [jvm.dll+0xc685d]
V  [jvm.dll+0xc6da1]
V  [jvm.dll+0x3bf151]
V  [jvm.dll+0x38b6d2]
V  [jvm.dll+0x38ab1a]
V  [jvm.dll+0x24c700]
V  [jvm.dll+0x24bce0]
V  [jvm.dll+0x1cb4ae]
V  [jvm.dll+0x25baad]
V  [jvm.dll+0x25a03a]
V  [jvm.dll+0x3f8aae]
V  [jvm.dll+0x8600cd]
V  [jvm.dll+0x6d6c1d]
C  [ucrtbase.dll+0x2cd30]
C  [KERNEL32.DLL+0x2e957]
C  [ntdll.dll+0xaad6c]


---------------  P R O C E S S  ---------------

Threads class SMR info:
_java_thread_list=0x0000022d6716bd30, length=72, elements={
0x0000022d7bbfdd10, 0x0000022d7fa182e0, 0x0000022d7fa1ad50, 0x0000022d7fa1e4e0,
0x0000022d7fa22b70, 0x0000022d7fa231e0, 0x0000022d7fa23850, 0x0000022d7fa241f0,
0x0000022d7fa248a0, 0x0000022d1b84c9e0, 0x0000022d1b8ca800, 0x0000022d625a98d0,
0x0000022d62732740, 0x0000022d627f7230, 0x0000022d62690190, 0x0000022d6283d4c0,
0x0000022d6283c110, 0x0000022d6283db50, 0x0000022d6283ad60, 0x0000022d64ef5290,
0x0000022d64ef5fb0, 0x0000022d64ef7360, 0x0000022d64ef4570, 0x0000022d64ef6640,
0x0000022d64ef3ee0, 0x0000022d64ef79f0, 0x0000022d64ef5920, 0x0000022d64efa150,
0x0000022d64ef8da0, 0x0000022d64efae70, 0x0000022d64ef9430, 0x0000022d64efa7e0,
0x0000022d64ef9ac0, 0x0000022d64ef8710, 0x0000022d64124fe0, 0x0000022d64712080,
0x0000022d6cdda750, 0x0000022d6cde44d0, 0x0000022d6d4b50a0, 0x0000022d6d4b6450,
0x0000022d6d4b5dc0, 0x0000022d6d4b3cf0, 0x0000022d6d4b2fd0, 0x0000022d6d4b6ae0,
0x0000022d6d4b4a10, 0x0000022d6d4b7170, 0x0000022d6d4b7800, 0x0000022d6d4b4380,
0x0000022d6d4b8bb0, 0x0000022d6d4b5730, 0x0000022d6d4b98d0, 0x0000022d6d4b7e90,
0x0000022d6d4bb310, 0x0000022d6d4ba5f0, 0x0000022d6d4b8520, 0x0000022d6d4b9240,
0x0000022d6d4b9f60, 0x0000022d6d4bac80, 0x0000022d6d4bcd50, 0x0000022d6d4bee20,
0x0000022d6d4bb9a0, 0x0000022d6d4be790, 0x0000022d6d4bf4b0, 0x0000022d6d4bc6c0,
0x0000022d6d4bd3e0, 0x0000022d6d4bc030, 0x0000022d6d4bfb40, 0x0000022d6d4c01d0,
0x0000022d6d4c0860, 0x0000022d6d4c0ef0, 0x0000022d6d4bda70, 0x0000022d66606ac0
}

Java Threads: ( => current thread )
  0x0000022d7bbfdd10 JavaThread "main"                              [_thread_blocked, id=5240, stack(0x000000d3c0300000,0x000000d3c0400000) (1024K)]
  0x0000022d7fa182e0 JavaThread "Reference Handler"          daemon [_thread_blocked, id=51132, stack(0x000000d3c0b00000,0x000000d3c0c00000) (1024K)]
  0x0000022d7fa1ad50 JavaThread "Finalizer"                  daemon [_thread_blocked, id=43672, stack(0x000000d3c0c00000,0x000000d3c0d00000) (1024K)]
  0x0000022d7fa1e4e0 JavaThread "Signal Dispatcher"          daemon [_thread_blocked, id=45236, stack(0x000000d3c0d00000,0x000000d3c0e00000) (1024K)]
  0x0000022d7fa22b70 JavaThread "Attach Listener"            daemon [_thread_blocked, id=51740, stack(0x000000d3c0e00000,0x000000d3c0f00000) (1024K)]
  0x0000022d7fa231e0 JavaThread "Service Thread"             daemon [_thread_blocked, id=19608, stack(0x000000d3c0f00000,0x000000d3c1000000) (1024K)]
  0x0000022d7fa23850 JavaThread "Monitor Deflation Thread"   daemon [_thread_blocked, id=28104, stack(0x000000d3c1000000,0x000000d3c1100000) (1024K)]
=>0x0000022d7fa241f0 JavaThread "C2 CompilerThread0"         daemon [_thread_in_native, id=43232, stack(0x000000d3c1100000,0x000000d3c1200000) (1024K)]
  0x0000022d7fa248a0 JavaThread "C1 CompilerThread0"         daemon [_thread_blocked, id=38900, stack(0x000000d3c1200000,0x000000d3c1300000) (1024K)]
  0x0000022d1b84c9e0 JavaThread "Common-Cleaner"             daemon [_thread_blocked, id=44912, stack(0x000000d3c1300000,0x000000d3c1400000) (1024K)]
  0x0000022d1b8ca800 JavaThread "Notification Thread"        daemon [_thread_blocked, id=31708, stack(0x000000d3c1400000,0x000000d3c1500000) (1024K)]
  0x0000022d625a98d0 JavaThread "Daemon health stats"               [_thread_blocked, id=6544, stack(0x000000d3c1e00000,0x000000d3c1f00000) (1024K)]
  0x0000022d62732740 JavaThread "Incoming local TCP Connector on port 53484"        [_thread_in_native, id=50556, stack(0x000000d3c1f00000,0x000000d3c2000000) (1024K)]
  0x0000022d627f7230 JavaThread "Daemon periodic checks"            [_thread_blocked, id=12856, stack(0x000000d3c2000000,0x000000d3c2100000) (1024K)]
  0x0000022d62690190 JavaThread "Daemon"                            [_thread_blocked, id=22604, stack(0x000000d3c1500000,0x000000d3c1600000) (1024K)]
  0x0000022d6283d4c0 JavaThread "Daemon worker"                     [_thread_in_Java, id=23432, stack(0x000000d3c2300000,0x000000d3c2400000) (1024K)]
  0x0000022d6283c110 JavaThread "Cache worker for journal cache (C:\Users\harsh\.gradle\caches\journal-1)"        [_thread_blocked, id=17436, stack(0x000000d3c2700000,0x000000d3c2800000) (1024K)]
  0x0000022d6283db50 JavaThread "File lock request listener"        [_thread_in_native, id=50432, stack(0x000000d3c2800000,0x000000d3c2900000) (1024K)]
  0x0000022d6283ad60 JavaThread "Cache worker for file hash cache (C:\Users\harsh\.gradle\caches\8.13\fileHashes)"        [_thread_blocked, id=43504, stack(0x000000d3c2900000,0x000000d3c2a00000) (1024K)]
  0x0000022d64ef5290 JavaThread "File watcher server"        daemon [_thread_in_native, id=43360, stack(0x000000d3c3000000,0x000000d3c3100000) (1024K)]
  0x0000022d64ef5fb0 JavaThread "File watcher consumer"      daemon [_thread_blocked, id=11252, stack(0x000000d3c3100000,0x000000d3c3200000) (1024K)]
  0x0000022d64ef7360 JavaThread "jar transforms"                    [_thread_blocked, id=42664, stack(0x000000d3c3200000,0x000000d3c3300000) (1024K)]
  0x0000022d64ef4570 JavaThread "jar transforms Thread 2"           [_thread_blocked, id=40900, stack(0x000000d3c3300000,0x000000d3c3400000) (1024K)]
  0x0000022d64ef6640 JavaThread "jar transforms Thread 3"           [_thread_blocked, id=13464, stack(0x000000d3c3400000,0x000000d3c3500000) (1024K)]
  0x0000022d64ef3ee0 JavaThread "jar transforms Thread 4"           [_thread_blocked, id=27400, stack(0x000000d3c3500000,0x000000d3c3600000) (1024K)]
  0x0000022d64ef79f0 JavaThread "jar transforms Thread 5"           [_thread_blocked, id=5592, stack(0x000000d3c3600000,0x000000d3c3700000) (1024K)]
  0x0000022d64ef5920 JavaThread "Cache worker for file content cache (C:\Users\harsh\.gradle\caches\8.13\fileContent)"        [_thread_blocked, id=50132, stack(0x000000d3c3900000,0x000000d3c3a00000) (1024K)]
  0x0000022d64efa150 JavaThread "jar transforms Thread 6"           [_thread_blocked, id=24284, stack(0x000000d3c3a00000,0x000000d3c3b00000) (1024K)]
  0x0000022d64ef8da0 JavaThread "jar transforms Thread 7"           [_thread_blocked, id=8748, stack(0x000000d3c3b00000,0x000000d3c3c00000) (1024K)]
  0x0000022d64efae70 JavaThread "jar transforms Thread 8"           [_thread_blocked, id=23648, stack(0x000000d3c3c00000,0x000000d3c3d00000) (1024K)]
  0x0000022d64ef9430 JavaThread "jar transforms Thread 9"           [_thread_blocked, id=29340, stack(0x000000d3c3d00000,0x000000d3c3e00000) (1024K)]
  0x0000022d64efa7e0 JavaThread "jar transforms Thread 10"          [_thread_blocked, id=8400, stack(0x000000d3c3e00000,0x000000d3c3f00000) (1024K)]
  0x0000022d64ef9ac0 JavaThread "jar transforms Thread 11"          [_thread_blocked, id=50984, stack(0x000000d3c3f00000,0x000000d3c4000000) (1024K)]
  0x0000022d64ef8710 JavaThread "jar transforms Thread 12"          [_thread_blocked, id=48664, stack(0x000000d3c4000000,0x000000d3c4100000) (1024K)]
  0x0000022d64124fe0 JavaThread "Memory manager"                    [_thread_blocked, id=18508, stack(0x000000d3c0000000,0x000000d3c0100000) (1024K)]
  0x0000022d64712080 JavaThread "VFS cleanup"                       [_thread_blocked, id=26664, stack(0x000000d3c0100000,0x000000d3c0200000) (1024K)]
  0x0000022d6cdda750 JavaThread "File lock release action executor"        [_thread_blocked, id=44732, stack(0x000000d3c7000000,0x000000d3c7100000) (1024K)]
  0x0000022d6cde44d0 JavaThread "included builds"                   [_thread_blocked, id=39176, stack(0x000000d3c8700000,0x000000d3c8800000) (1024K)]
  0x0000022d6d4b50a0 JavaThread "Handler for socket connection from /127.0.0.1:53484 to /127.0.0.1:60040"        [_thread_in_native, id=11804, stack(0x000000d3c0200000,0x000000d3c0300000) (1024K)]
  0x0000022d6d4b6450 JavaThread "Cancel handler"                    [_thread_blocked, id=5144, stack(0x000000d3c2100000,0x000000d3c2200000) (1024K)]
  0x0000022d6d4b5dc0 JavaThread "Asynchronous log dispatcher for DefaultDaemonConnection: socket connection from /127.0.0.1:53484 to /127.0.0.1:60040"        [_thread_blocked, id=36892, stack(0x000000d3c2200000,0x000000d3c2300000) (1024K)]
  0x0000022d6d4b3cf0 JavaThread "Stdin handler"                     [_thread_blocked, id=15212, stack(0x000000d3c2400000,0x000000d3c2500000) (1024K)]
  0x0000022d6d4b2fd0 JavaThread "Daemon client event forwarder"        [_thread_in_native, id=51416, stack(0x000000d3c2500000,0x000000d3c2600000) (1024K)]
  0x0000022d6d4b6ae0 JavaThread "Cache worker for file hash cache (D:\Alternative-HeyCyan-App-and-SDK\android\CyanBridge\.gradle\8.13\fileHashes)"        [_thread_blocked, id=31192, stack(0x000000d3c2600000,0x000000d3c2700000) (1024K)]
  0x0000022d6d4b4a10 JavaThread "Cache worker for Build Output Cleanup Cache (D:\Alternative-HeyCyan-App-and-SDK\android\CyanBridge\.gradle\buildOutputCleanup)"        [_thread_blocked, id=23048, stack(0x000000d3c2a00000,0x000000d3c2b00000) (1024K)]
  0x0000022d6d4b7170 JavaThread "Cache worker for checksums cache (D:\Alternative-HeyCyan-App-and-SDK\android\CyanBridge\.gradle\8.13\checksums)"        [_thread_blocked, id=25704, stack(0x000000d3c2e00000,0x000000d3c2f00000) (1024K)]
  0x0000022d6d4b7800 JavaThread "Cache worker for cache directory md-supplier (C:\Users\harsh\.gradle\caches\8.13\md-supplier)"        [_thread_blocked, id=16712, stack(0x000000d3c2f00000,0x000000d3c3000000) (1024K)]
  0x0000022d6d4b4380 JavaThread "Cache worker for cache directory md-rule (C:\Users\harsh\.gradle\caches\8.13\md-rule)"        [_thread_blocked, id=35724, stack(0x000000d3c3700000,0x000000d3c3800000) (1024K)]
  0x0000022d6d4b8bb0 JavaThread "Cache worker for Build Output Cleanup Cache (D:\Alternative-HeyCyan-App-and-SDK\heycyan-core\.gradle\buildOutputCleanup)"        [_thread_blocked, id=45568, stack(0x000000d3c3800000,0x000000d3c3900000) (1024K)]
  0x0000022d6d4b5730 JavaThread "Unconstrained build operations"        [_thread_blocked, id=32404, stack(0x000000d3c4100000,0x000000d3c4200000) (1024K)]
  0x0000022d6d4b98d0 JavaThread "Unconstrained build operations Thread 2"        [_thread_blocked, id=28516, stack(0x000000d3c4200000,0x000000d3c4300000) (1024K)]
  0x0000022d6d4b7e90 JavaThread "Unconstrained build operations Thread 3"        [_thread_blocked, id=5780, stack(0x000000d3c4300000,0x000000d3c4400000) (1024K)]
  0x0000022d6d4bb310 JavaThread "Unconstrained build operations Thread 4"        [_thread_blocked, id=49932, stack(0x000000d3c4400000,0x000000d3c4500000) (1024K)]
  0x0000022d6d4ba5f0 JavaThread "Unconstrained build operations Thread 5"        [_thread_blocked, id=4092, stack(0x000000d3c4500000,0x000000d3c4600000) (1024K)]
  0x0000022d6d4b8520 JavaThread "Unconstrained build operations Thread 6"        [_thread_blocked, id=25740, stack(0x000000d3c4600000,0x000000d3c4700000) (1024K)]
  0x0000022d6d4b9240 JavaThread "Unconstrained build operations Thread 7"        [_thread_blocked, id=43676, stack(0x000000d3c4700000,0x000000d3c4800000) (1024K)]
  0x0000022d6d4b9f60 JavaThread "Unconstrained build operations Thread 8"        [_thread_blocked, id=51720, stack(0x000000d3c4800000,0x000000d3c4900000) (1024K)]
  0x0000022d6d4bac80 JavaThread "Unconstrained build operations Thread 9"        [_thread_blocked, id=38300, stack(0x000000d3c4900000,0x000000d3c4a00000) (1024K)]
  0x0000022d6d4bcd50 JavaThread "Unconstrained build operations Thread 10"        [_thread_blocked, id=22068, stack(0x000000d3c4a00000,0x000000d3c4b00000) (1024K)]
  0x0000022d6d4bee20 JavaThread "Unconstrained build operations Thread 11"        [_thread_blocked, id=49836, stack(0x000000d3c4b00000,0x000000d3c4c00000) (1024K)]
  0x0000022d6d4bb9a0 JavaThread "Unconstrained build operations Thread 12"        [_thread_blocked, id=23656, stack(0x000000d3c4c00000,0x000000d3c4d00000) (1024K)]
  0x0000022d6d4be790 JavaThread "Unconstrained build operations Thread 13"        [_thread_blocked, id=12368, stack(0x000000d3c4d00000,0x000000d3c4e00000) (1024K)]
  0x0000022d6d4bf4b0 JavaThread "Unconstrained build operations Thread 14"        [_thread_blocked, id=6300, stack(0x000000d3c4e00000,0x000000d3c4f00000) (1024K)]
  0x0000022d6d4bc6c0 JavaThread "Unconstrained build operations Thread 15"        [_thread_blocked, id=40372, stack(0x000000d3c4f00000,0x000000d3c5000000) (1024K)]
  0x0000022d6d4bd3e0 JavaThread "Unconstrained build operations Thread 16"        [_thread_blocked, id=48268, stack(0x000000d3c5000000,0x000000d3c5100000) (1024K)]
  0x0000022d6d4bc030 JavaThread "Unconstrained build operations Thread 17"        [_thread_blocked, id=38016, stack(0x000000d3c5100000,0x000000d3c5200000) (1024K)]
  0x0000022d6d4bfb40 JavaThread "Unconstrained build operations Thread 18"        [_thread_blocked, id=3372, stack(0x000000d3c5200000,0x000000d3c5300000) (1024K)]
  0x0000022d6d4c01d0 JavaThread "Unconstrained build operations Thread 19"        [_thread_blocked, id=41572, stack(0x000000d3c5300000,0x000000d3c5400000) (1024K)]
  0x0000022d6d4c0860 JavaThread "Unconstrained build operations Thread 20"        [_thread_blocked, id=50968, stack(0x000000d3c5400000,0x000000d3c5500000) (1024K)]
  0x0000022d6d4c0ef0 JavaThread "Unconstrained build operations Thread 21"        [_thread_blocked, id=1540, stack(0x000000d3c5500000,0x000000d3c5600000) (1024K)]
  0x0000022d6d4bda70 JavaThread "Unconstrained build operations Thread 22"        [_thread_blocked, id=40304, stack(0x000000d3c5600000,0x000000d3c5700000) (1024K)]
  0x0000022d66606ac0 JavaThread "C2 CompilerThread1"         daemon [_thread_blocked, id=13872, stack(0x000000d3c5700000,0x000000d3c5800000) (1024K)]
Total: 72

Other Threads:
  0x0000022d7f9f8eb0 VMThread "VM Thread"                           [id=23780, stack(0x000000d3c0a00000,0x000000d3c0b00000) (1024K)]
  0x0000022d7f9ea350 WatcherThread "VM Periodic Task Thread"        [id=15100, stack(0x000000d3c0900000,0x000000d3c0a00000) (1024K)]
  0x0000022d7dfdd3e0 WorkerThread "GC Thread#0"                     [id=37132, stack(0x000000d3c0400000,0x000000d3c0500000) (1024K)]
  0x0000022d7f9f9d70 WorkerThread "GC Thread#1"                     [id=25224, stack(0x000000d3c1600000,0x000000d3c1700000) (1024K)]
  0x0000022d7f9fa4d0 WorkerThread "GC Thread#2"                     [id=50380, stack(0x000000d3c1700000,0x000000d3c1800000) (1024K)]
  0x0000022d7f9fa120 WorkerThread "GC Thread#3"                     [id=27828, stack(0x000000d3c1800000,0x000000d3c1900000) (1024K)]
  0x0000022d7f9f9610 WorkerThread "GC Thread#4"                     [id=4952, stack(0x000000d3c1900000,0x000000d3c1a00000) (1024K)]
  0x0000022d7f9f8b00 WorkerThread "GC Thread#5"                     [id=10532, stack(0x000000d3c1a00000,0x000000d3c1b00000) (1024K)]
  0x0000022d6186a0c0 WorkerThread "GC Thread#6"                     [id=31556, stack(0x000000d3c1b00000,0x000000d3c1c00000) (1024K)]
  0x0000022d618686f0 WorkerThread "GC Thread#7"                     [id=22476, stack(0x000000d3c1c00000,0x000000d3c1d00000) (1024K)]
  0x0000022d618695b0 WorkerThread "GC Thread#8"                     [id=3368, stack(0x000000d3c1d00000,0x000000d3c1e00000) (1024K)]
  0x0000022d6186abd0 WorkerThread "GC Thread#9"                     [id=51020, stack(0x000000d3c2b00000,0x000000d3c2c00000) (1024K)]
  0x0000022d7dfef160 ConcurrentGCThread "G1 Main Marker"            [id=21348, stack(0x000000d3c0500000,0x000000d3c0600000) (1024K)]
  0x0000022d7dff0320 WorkerThread "G1 Conc#0"                       [id=42400, stack(0x000000d3c0600000,0x000000d3c0700000) (1024K)]
  0x0000022d6517e570 WorkerThread "G1 Conc#1"                       [id=27384, stack(0x000000d3c2c00000,0x000000d3c2d00000) (1024K)]
  0x0000022d6517da60 WorkerThread "G1 Conc#2"                       [id=16652, stack(0x000000d3c2d00000,0x000000d3c2e00000) (1024K)]
  0x0000022d7f9386e0 ConcurrentGCThread "G1 Refine#0"               [id=41812, stack(0x000000d3c0700000,0x000000d3c0800000) (1024K)]
  0x0000022d7f939ff0 ConcurrentGCThread "G1 Service"                [id=11744, stack(0x000000d3c0800000,0x000000d3c0900000) (1024K)]
Total: 18

Threads with active compile tasks:
C2 CompilerThread0  256605 23558       4       org.gradle.api.internal.artifacts.configurations.DefaultConfiguration::<init> (717 bytes)
Total: 1

VM state: not at safepoint (normal execution)

VM Mutex/Monitor currently owned by a thread: None

Heap address: 0x0000000080000000, size: 2048 MB, Compressed Oops mode: 32-bit

CDS archive(s) mapped at: [0x0000022d1c000000-0x0000022d1cc80000-0x0000022d1cc80000), size 13107200, SharedBaseAddress: 0x0000022d1c000000, ArchiveRelocationMode: 1.
Compressed class space mapped at: 0x0000022d1d000000-0x0000022d5d000000, reserved size: 1073741824
Narrow klass base: 0x0000022d1c000000, Narrow klass shift: 0, Narrow klass range: 0x100000000

GC Precious Log:
 CardTable entry size: 512
 Card Set container configuration: InlinePtr #cards 5 size 8 Array Of Cards #cards 12 size 40 Howl #buckets 4 coarsen threshold 1843 Howl Bitmap #cards 512 size 80 coarsen threshold 460 Card regions per heap region 1 cards per card region 2048
 CPUs: 12 total, 12 available
 Memory: 16077M
 Large Page Support: Disabled
 NUMA Support: Disabled
 Compressed Oops: Enabled (32-bit)
 Heap Region Size: 1M
 Heap Min Capacity: 8M
 Heap Initial Capacity: 252M
 Heap Max Capacity: 2G
 Pre-touch: Disabled
 Parallel Workers: 10
 Concurrent Workers: 3
 Concurrent Refinement Workers: 10
 Periodic GC: Disabled

Heap:
 garbage-first heap   total 401408K, used 271872K [0x0000000080000000, 0x0000000100000000)
  region size 1024K, 65 young (66560K), 9 survivors (9216K)
 Metaspace       used 142467K, committed 145472K, reserved 1179648K
  class space    used 19839K, committed 21312K, reserved 1048576K

Heap Regions: E=young(eden), S=young(survivor), O=old, HS=humongous(starts), HC=humongous(continues), CS=collection set, F=free, TAMS=top-at-mark-start, PB=parsable bottom
|   0|0x0000000080000000, 0x0000000080100000, 0x0000000080100000|100%|HS|  |TAMS 0x0000000080000000| PB 0x0000000080000000| Complete 
|   1|0x0000000080100000, 0x0000000080200000, 0x0000000080200000|100%|HC|  |TAMS 0x0000000080100000| PB 0x0000000080100000| Complete 
|   2|0x0000000080200000, 0x0000000080300000, 0x0000000080300000|100%|HC|  |TAMS 0x0000000080200000| PB 0x0000000080200000| Complete 
|   3|0x0000000080300000, 0x0000000080400000, 0x0000000080400000|100%| O|  |TAMS 0x0000000080300000| PB 0x0000000080300000| Untracked 
|   4|0x0000000080400000, 0x0000000080500000, 0x0000000080500000|100%| O|  |TAMS 0x0000000080400000| PB 0x0000000080400000| Untracked 
|   5|0x0000000080500000, 0x0000000080600000, 0x0000000080600000|100%| O|  |TAMS 0x0000000080500000| PB 0x0000000080500000| Untracked 
|   6|0x0000000080600000, 0x0000000080700000, 0x0000000080700000|100%|HS|  |TAMS 0x0000000080600000| PB 0x0000000080600000| Complete 
|   7|0x0000000080700000, 0x0000000080800000, 0x0000000080800000|100%| O|  |TAMS 0x0000000080700000| PB 0x0000000080700000| Untracked 
|   8|0x0000000080800000, 0x0000000080900000, 0x0000000080900000|100%| O|  |TAMS 0x0000000080800000| PB 0x0000000080800000| Untracked 
|   9|0x0000000080900000, 0x0000000080a00000, 0x0000000080a00000|100%| O|  |TAMS 0x0000000080900000| PB 0x0000000080900000| Untracked 
|  10|0x0000000080a00000, 0x0000000080b00000, 0x0000000080b00000|100%| O|  |TAMS 0x0000000080a00000| PB 0x0000000080a00000| Untracked 
|  11|0x0000000080b00000, 0x0000000080c00000, 0x0000000080c00000|100%| O|  |TAMS 0x0000000080b00000| PB 0x0000000080b00000| Untracked 
|  12|0x0000000080c00000, 0x0000000080d00000, 0x0000000080d00000|100%| O|  |TAMS 0x0000000080c00000| PB 0x0000000080c00000| Untracked 
|  13|0x0000000080d00000, 0x0000000080e00000, 0x0000000080e00000|100%| O|  |TAMS 0x0000000080d00000| PB 0x0000000080d00000| Untracked 
|  14|0x0000000080e00000, 0x0000000080f00000, 0x0000000080f00000|100%| O|  |TAMS 0x0000000080e00000| PB 0x0000000080e00000| Untracked 
|  15|0x0000000080f00000, 0x0000000081000000, 0x0000000081000000|100%| O|  |TAMS 0x0000000080f00000| PB 0x0000000080f00000| Untracked 
|  16|0x0000000081000000, 0x0000000081100000, 0x0000000081100000|100%| O|  |TAMS 0x0000000081000000| PB 0x0000000081000000| Untracked 
|  17|0x0000000081100000, 0x0000000081200000, 0x0000000081200000|100%| O|  |TAMS 0x0000000081100000| PB 0x0000000081100000| Untracked 
|  18|0x0000000081200000, 0x0000000081300000, 0x0000000081300000|100%| O|  |TAMS 0x0000000081200000| PB 0x0000000081200000| Untracked 
|  19|0x0000000081300000, 0x0000000081400000, 0x0000000081400000|100%| O|  |TAMS 0x0000000081300000| PB 0x0000000081300000| Untracked 
|  20|0x0000000081400000, 0x0000000081500000, 0x0000000081500000|100%| O|  |TAMS 0x0000000081400000| PB 0x0000000081400000| Untracked 
|  21|0x0000000081500000, 0x0000000081600000, 0x0000000081600000|100%| O|  |TAMS 0x0000000081500000| PB 0x0000000081500000| Untracked 
|  22|0x0000000081600000, 0x0000000081700000, 0x0000000081700000|100%| O|  |TAMS 0x0000000081600000| PB 0x0000000081600000| Untracked 
|  23|0x0000000081700000, 0x0000000081800000, 0x0000000081800000|100%| O|  |TAMS 0x0000000081700000| PB 0x0000000081700000| Untracked 
|  24|0x0000000081800000, 0x0000000081900000, 0x0000000081900000|100%| O|  |TAMS 0x0000000081800000| PB 0x0000000081800000| Untracked 
|  25|0x0000000081900000, 0x0000000081a00000, 0x0000000081a00000|100%| O|  |TAMS 0x0000000081900000| PB 0x0000000081900000| Untracked 
|  26|0x0000000081a00000, 0x0000000081b00000, 0x0000000081b00000|100%| O|Cm|TAMS 0x0000000081a00000| PB 0x0000000081a00000| Complete 
|  27|0x0000000081b00000, 0x0000000081c00000, 0x0000000081c00000|100%| O|  |TAMS 0x0000000081b00000| PB 0x0000000081b00000| Untracked 
|  28|0x0000000081c00000, 0x0000000081d00000, 0x0000000081d00000|100%| O|  |TAMS 0x0000000081c00000| PB 0x0000000081c00000| Untracked 
|  29|0x0000000081d00000, 0x0000000081e00000, 0x0000000081e00000|100%| O|  |TAMS 0x0000000081d00000| PB 0x0000000081d00000| Untracked 
|  30|0x0000000081e00000, 0x0000000081f00000, 0x0000000081f00000|100%| O|  |TAMS 0x0000000081e00000| PB 0x0000000081e00000| Untracked 
|  31|0x0000000081f00000, 0x0000000082000000, 0x0000000082000000|100%| O|  |TAMS 0x0000000081f00000| PB 0x0000000081f00000| Untracked 
|  32|0x0000000082000000, 0x0000000082100000, 0x0000000082100000|100%|HS|  |TAMS 0x0000000082000000| PB 0x0000000082000000| Complete 
|  33|0x0000000082100000, 0x0000000082200000, 0x0000000082200000|100%| O|  |TAMS 0x0000000082100000| PB 0x0000000082100000| Untracked 
|  34|0x0000000082200000, 0x0000000082300000, 0x0000000082300000|100%| O|  |TAMS 0x0000000082200000| PB 0x0000000082200000| Untracked 
|  35|0x0000000082300000, 0x0000000082400000, 0x0000000082400000|100%| O|  |TAMS 0x0000000082300000| PB 0x0000000082300000| Untracked 
|  36|0x0000000082400000, 0x0000000082500000, 0x0000000082500000|100%| O|  |TAMS 0x0000000082400000| PB 0x0000000082400000| Untracked 
|  37|0x0000000082500000, 0x0000000082600000, 0x0000000082600000|100%| O|  |TAMS 0x0000000082500000| PB 0x0000000082500000| Untracked 
|  38|0x0000000082600000, 0x0000000082700000, 0x0000000082700000|100%| O|  |TAMS 0x0000000082600000| PB 0x0000000082600000| Untracked 
|  39|0x0000000082700000, 0x0000000082800000, 0x0000000082800000|100%| O|  |TAMS 0x0000000082700000| PB 0x0000000082700000| Untracked 
|  40|0x0000000082800000, 0x0000000082900000, 0x0000000082900000|100%| O|  |TAMS 0x0000000082800000| PB 0x0000000082800000| Untracked 
|  41|0x0000000082900000, 0x0000000082a00000, 0x0000000082a00000|100%| O|  |TAMS 0x0000000082900000| PB 0x0000000082900000| Untracked 
|  42|0x0000000082a00000, 0x0000000082b00000, 0x0000000082b00000|100%| O|  |TAMS 0x0000000082a00000| PB 0x0000000082a00000| Untracked 
|  43|0x0000000082b00000, 0x0000000082c00000, 0x0000000082c00000|100%| O|  |TAMS 0x0000000082b00000| PB 0x0000000082b00000| Untracked 
|  44|0x0000000082c00000, 0x0000000082d00000, 0x0000000082d00000|100%| O|Cm|TAMS 0x0000000082c00000| PB 0x0000000082c00000| Complete 
|  45|0x0000000082d00000, 0x0000000082d00000, 0x0000000082e00000|  0%| F|  |TAMS 0x0000000082d00000| PB 0x0000000082d00000| Untracked 
|  46|0x0000000082e00000, 0x0000000082f00000, 0x0000000082f00000|100%| O|  |TAMS 0x0000000082e00000| PB 0x0000000082e00000| Untracked 
|  47|0x0000000082f00000, 0x0000000083000000, 0x0000000083000000|100%| O|  |TAMS 0x0000000082f00000| PB 0x0000000082f00000| Untracked 
|  48|0x0000000083000000, 0x0000000083100000, 0x0000000083100000|100%| O|Cm|TAMS 0x0000000083000000| PB 0x0000000083000000| Complete 
|  49|0x0000000083100000, 0x0000000083200000, 0x0000000083200000|100%| O|  |TAMS 0x0000000083100000| PB 0x0000000083100000| Untracked 
|  50|0x0000000083200000, 0x0000000083300000, 0x0000000083300000|100%| O|  |TAMS 0x0000000083200000| PB 0x0000000083200000| Untracked 
|  51|0x0000000083300000, 0x0000000083400000, 0x0000000083400000|100%|HS|  |TAMS 0x0000000083300000| PB 0x0000000083300000| Complete 
|  52|0x0000000083400000, 0x0000000083500000, 0x0000000083500000|100%|HS|  |TAMS 0x0000000083400000| PB 0x0000000083400000| Complete 
|  53|0x0000000083500000, 0x0000000083600000, 0x0000000083600000|100%|HS|  |TAMS 0x0000000083500000| PB 0x0000000083500000| Complete 
|  54|0x0000000083600000, 0x0000000083700000, 0x0000000083700000|100%|HS|  |TAMS 0x0000000083600000| PB 0x0000000083600000| Complete 
|  55|0x0000000083700000, 0x0000000083800000, 0x0000000083800000|100%| O|  |TAMS 0x0000000083700000| PB 0x0000000083700000| Untracked 
|  56|0x0000000083800000, 0x0000000083900000, 0x0000000083900000|100%| O|  |TAMS 0x0000000083800000| PB 0x0000000083800000| Untracked 
|  57|0x0000000083900000, 0x0000000083a00000, 0x0000000083a00000|100%| O|  |TAMS 0x0000000083900000| PB 0x0000000083900000| Untracked 
|  58|0x0000000083a00000, 0x0000000083b00000, 0x0000000083b00000|100%|HS|  |TAMS 0x0000000083a00000| PB 0x0000000083a00000| Complete 
|  59|0x0000000083b00000, 0x0000000083c00000, 0x0000000083c00000|100%| O|  |TAMS 0x0000000083b00000| PB 0x0000000083b00000| Untracked 
|  60|0x0000000083c00000, 0x0000000083d00000, 0x0000000083d00000|100%| O|  |TAMS 0x0000000083c00000| PB 0x0000000083c00000| Untracked 
|  61|0x0000000083d00000, 0x0000000083e00000, 0x0000000083e00000|100%| O|  |TAMS 0x0000000083d00000| PB 0x0000000083d00000| Untracked 
|  62|0x0000000083e00000, 0x0000000083f00000, 0x0000000083f00000|100%| O|  |TAMS 0x0000000083e00000| PB 0x0000000083e00000| Untracked 
|  63|0x0000000083f00000, 0x0000000084000000, 0x0000000084000000|100%| O|  |TAMS 0x0000000083f00000| PB 0x0000000083f00000| Untracked 
|  64|0x0000000084000000, 0x0000000084100000, 0x0000000084100000|100%| O|  |TAMS 0x0000000084000000| PB 0x0000000084000000| Untracked 
|  65|0x0000000084100000, 0x0000000084200000, 0x0000000084200000|100%| O|  |TAMS 0x0000000084100000| PB 0x0000000084100000| Untracked 
|  66|0x0000000084200000, 0x0000000084300000, 0x0000000084300000|100%| O|  |TAMS 0x0000000084200000| PB 0x0000000084200000| Untracked 
|  67|0x0000000084300000, 0x0000000084400000, 0x0000000084400000|100%|HS|  |TAMS 0x0000000084300000| PB 0x0000000084300000| Complete 
|  68|0x0000000084400000, 0x0000000084500000, 0x0000000084500000|100%| O|  |TAMS 0x0000000084400000| PB 0x0000000084400000| Untracked 
|  69|0x0000000084500000, 0x0000000084600000, 0x0000000084600000|100%| O|  |TAMS 0x0000000084500000| PB 0x0000000084500000| Untracked 
|  70|0x0000000084600000, 0x0000000084700000, 0x0000000084700000|100%| O|  |TAMS 0x0000000084600000| PB 0x0000000084600000| Untracked 
|  71|0x0000000084700000, 0x0000000084800000, 0x0000000084800000|100%| O|  |TAMS 0x0000000084700000| PB 0x0000000084700000| Untracked 
|  72|0x0000000084800000, 0x0000000084900000, 0x0000000084900000|100%| O|  |TAMS 0x0000000084800000| PB 0x0000000084800000| Untracked 
|  73|0x0000000084900000, 0x0000000084a00000, 0x0000000084a00000|100%| O|  |TAMS 0x0000000084900000| PB 0x0000000084900000| Untracked 
|  74|0x0000000084a00000, 0x0000000084a00000, 0x0000000084b00000|  0%| F|  |TAMS 0x0000000084a00000| PB 0x0000000084a00000| Untracked 
|  75|0x0000000084b00000, 0x0000000084c00000, 0x0000000084c00000|100%| O|  |TAMS 0x0000000084b00000| PB 0x0000000084b00000| Untracked 
|  76|0x0000000084c00000, 0x0000000084c00000, 0x0000000084d00000|  0%| F|  |TAMS 0x0000000084c00000| PB 0x0000000084c00000| Untracked 
|  77|0x0000000084d00000, 0x0000000084e00000, 0x0000000084e00000|100%| O|  |TAMS 0x0000000084d00000| PB 0x0000000084d00000| Untracked 
|  78|0x0000000084e00000, 0x0000000084f00000, 0x0000000084f00000|100%|HS|  |TAMS 0x0000000084e00000| PB 0x0000000084e00000| Complete 
|  79|0x0000000084f00000, 0x0000000084f00000, 0x0000000085000000|  0%| F|  |TAMS 0x0000000084f00000| PB 0x0000000084f00000| Untracked 
|  80|0x0000000085000000, 0x0000000085100000, 0x0000000085100000|100%| O|  |TAMS 0x0000000085000000| PB 0x0000000085000000| Untracked 
|  81|0x0000000085100000, 0x0000000085100000, 0x0000000085200000|  0%| F|  |TAMS 0x0000000085100000| PB 0x0000000085100000| Untracked 
|  82|0x0000000085200000, 0x0000000085200000, 0x0000000085300000|  0%| F|  |TAMS 0x0000000085200000| PB 0x0000000085200000| Untracked 
|  83|0x0000000085300000, 0x0000000085400000, 0x0000000085400000|100%| O|  |TAMS 0x0000000085300000| PB 0x0000000085300000| Untracked 
|  84|0x0000000085400000, 0x0000000085400000, 0x0000000085500000|  0%| F|  |TAMS 0x0000000085400000| PB 0x0000000085400000| Untracked 
|  85|0x0000000085500000, 0x0000000085600000, 0x0000000085600000|100%|HS|  |TAMS 0x0000000085500000| PB 0x0000000085500000| Complete 
|  86|0x0000000085600000, 0x0000000085700000, 0x0000000085700000|100%|HC|  |TAMS 0x0000000085600000| PB 0x0000000085600000| Complete 
|  87|0x0000000085700000, 0x0000000085800000, 0x0000000085800000|100%|HS|  |TAMS 0x0000000085700000| PB 0x0000000085700000| Complete 
|  88|0x0000000085800000, 0x0000000085900000, 0x0000000085900000|100%|HC|  |TAMS 0x0000000085800000| PB 0x0000000085800000| Complete 
|  89|0x0000000085900000, 0x0000000085a00000, 0x0000000085a00000|100%| O|  |TAMS 0x0000000085900000| PB 0x0000000085900000| Untracked 
|  90|0x0000000085a00000, 0x0000000085b00000, 0x0000000085b00000|100%| O|  |TAMS 0x0000000085a00000| PB 0x0000000085a00000| Untracked 
|  91|0x0000000085b00000, 0x0000000085c00000, 0x0000000085c00000|100%| O|  |TAMS 0x0000000085b00000| PB 0x0000000085b00000| Untracked 
|  92|0x0000000085c00000, 0x0000000085d00000, 0x0000000085d00000|100%| O|  |TAMS 0x0000000085c00000| PB 0x0000000085c00000| Untracked 
|  93|0x0000000085d00000, 0x0000000085e00000, 0x0000000085e00000|100%| O|  |TAMS 0x0000000085d00000| PB 0x0000000085d00000| Untracked 
|  94|0x0000000085e00000, 0x0000000085f00000, 0x0000000085f00000|100%| O|  |TAMS 0x0000000085e00000| PB 0x0000000085e00000| Untracked 
|  95|0x0000000085f00000, 0x0000000086000000, 0x0000000086000000|100%| O|  |TAMS 0x0000000085f00000| PB 0x0000000085f00000| Untracked 
|  96|0x0000000086000000, 0x0000000086100000, 0x0000000086100000|100%| O|  |TAMS 0x0000000086000000| PB 0x0000000086000000| Untracked 
|  97|0x0000000086100000, 0x0000000086200000, 0x0000000086200000|100%| O|  |TAMS 0x0000000086100000| PB 0x0000000086100000| Untracked 
|  98|0x0000000086200000, 0x0000000086300000, 0x0000000086300000|100%| O|  |TAMS 0x0000000086200000| PB 0x0000000086200000| Untracked 
|  99|0x0000000086300000, 0x0000000086400000, 0x0000000086400000|100%| O|  |TAMS 0x0000000086300000| PB 0x0000000086300000| Untracked 
| 100|0x0000000086400000, 0x0000000086500000, 0x0000000086500000|100%| O|  |TAMS 0x0000000086400000| PB 0x0000000086400000| Untracked 
| 101|0x0000000086500000, 0x0000000086600000, 0x0000000086600000|100%| O|  |TAMS 0x0000000086500000| PB 0x0000000086500000| Untracked 
| 102|0x0000000086600000, 0x0000000086700000, 0x0000000086700000|100%| O|  |TAMS 0x0000000086600000| PB 0x0000000086600000| Untracked 
| 103|0x0000000086700000, 0x0000000086800000, 0x0000000086800000|100%| O|  |TAMS 0x0000000086700000| PB 0x0000000086700000| Untracked 
| 104|0x0000000086800000, 0x0000000086900000, 0x0000000086900000|100%| O|  |TAMS 0x0000000086800000| PB 0x0000000086800000| Untracked 
| 105|0x0000000086900000, 0x0000000086a00000, 0x0000000086a00000|100%| O|  |TAMS 0x0000000086900000| PB 0x0000000086900000| Untracked 
| 106|0x0000000086a00000, 0x0000000086b00000, 0x0000000086b00000|100%| O|  |TAMS 0x0000000086a00000| PB 0x0000000086a00000| Untracked 
| 107|0x0000000086b00000, 0x0000000086c00000, 0x0000000086c00000|100%| O|  |TAMS 0x0000000086b00000| PB 0x0000000086b00000| Untracked 
| 108|0x0000000086c00000, 0x0000000086d00000, 0x0000000086d00000|100%| O|  |TAMS 0x0000000086c00000| PB 0x0000000086c00000| Untracked 
| 109|0x0000000086d00000, 0x0000000086e00000, 0x0000000086e00000|100%| O|  |TAMS 0x0000000086d00000| PB 0x0000000086d00000| Untracked 
| 110|0x0000000086e00000, 0x0000000086f00000, 0x0000000086f00000|100%| O|Cm|TAMS 0x0000000086e00000| PB 0x0000000086e00000| Complete 
| 111|0x0000000086f00000, 0x0000000087000000, 0x0000000087000000|100%| O|  |TAMS 0x0000000086f00000| PB 0x0000000086f00000| Untracked 
| 112|0x0000000087000000, 0x0000000087100000, 0x0000000087100000|100%| O|  |TAMS 0x0000000087000000| PB 0x0000000087000000| Untracked 
| 113|0x0000000087100000, 0x0000000087200000, 0x0000000087200000|100%| O|  |TAMS 0x0000000087100000| PB 0x0000000087100000| Untracked 
| 114|0x0000000087200000, 0x0000000087300000, 0x0000000087300000|100%| O|  |TAMS 0x0000000087200000| PB 0x0000000087200000| Untracked 
| 115|0x0000000087300000, 0x0000000087400000, 0x0000000087400000|100%| O|  |TAMS 0x0000000087300000| PB 0x0000000087300000| Untracked 
| 116|0x0000000087400000, 0x0000000087500000, 0x0000000087500000|100%| O|  |TAMS 0x0000000087400000| PB 0x0000000087400000| Untracked 
| 117|0x0000000087500000, 0x0000000087600000, 0x0000000087600000|100%| O|  |TAMS 0x0000000087500000| PB 0x0000000087500000| Untracked 
| 118|0x0000000087600000, 0x0000000087600000, 0x0000000087700000|  0%| F|  |TAMS 0x0000000087600000| PB 0x0000000087600000| Untracked 
| 119|0x0000000087700000, 0x0000000087800000, 0x0000000087800000|100%| O|  |TAMS 0x0000000087700000| PB 0x0000000087700000| Untracked 
| 120|0x0000000087800000, 0x0000000087900000, 0x0000000087900000|100%| O|Cm|TAMS 0x0000000087800000| PB 0x0000000087800000| Complete 
| 121|0x0000000087900000, 0x0000000087900000, 0x0000000087a00000|  0%| F|  |TAMS 0x0000000087900000| PB 0x0000000087900000| Untracked 
| 122|0x0000000087a00000, 0x0000000087a00000, 0x0000000087b00000|  0%| F|  |TAMS 0x0000000087a00000| PB 0x0000000087a00000| Untracked 
| 123|0x0000000087b00000, 0x0000000087c00000, 0x0000000087c00000|100%|HS|  |TAMS 0x0000000087b00000| PB 0x0000000087b00000| Complete 
| 124|0x0000000087c00000, 0x0000000087c00000, 0x0000000087d00000|  0%| F|  |TAMS 0x0000000087c00000| PB 0x0000000087c00000| Untracked 
| 125|0x0000000087d00000, 0x0000000087d00000, 0x0000000087e00000|  0%| F|  |TAMS 0x0000000087d00000| PB 0x0000000087d00000| Untracked 
| 126|0x0000000087e00000, 0x0000000087e00000, 0x0000000087f00000|  0%| F|  |TAMS 0x0000000087e00000| PB 0x0000000087e00000| Untracked 
| 127|0x0000000087f00000, 0x0000000088000000, 0x0000000088000000|100%| O|  |TAMS 0x0000000087f00000| PB 0x0000000087f00000| Untracked 
| 128|0x0000000088000000, 0x0000000088100000, 0x0000000088100000|100%| O|Cm|TAMS 0x0000000088000000| PB 0x0000000088000000| Complete 
| 129|0x0000000088100000, 0x0000000088200000, 0x0000000088200000|100%| O|Cm|TAMS 0x0000000088100000| PB 0x0000000088100000| Complete 
| 130|0x0000000088200000, 0x0000000088300000, 0x0000000088300000|100%| O|  |TAMS 0x0000000088200000| PB 0x0000000088200000| Untracked 
| 131|0x0000000088300000, 0x0000000088400000, 0x0000000088400000|100%| O|  |TAMS 0x0000000088300000| PB 0x0000000088300000| Untracked 
| 132|0x0000000088400000, 0x0000000088500000, 0x0000000088500000|100%| O|  |TAMS 0x0000000088400000| PB 0x0000000088400000| Untracked 
| 133|0x0000000088500000, 0x0000000088600000, 0x0000000088600000|100%| O|  |TAMS 0x0000000088500000| PB 0x0000000088500000| Untracked 
| 134|0x0000000088600000, 0x0000000088600000, 0x0000000088700000|  0%| F|  |TAMS 0x0000000088600000| PB 0x0000000088600000| Untracked 
| 135|0x0000000088700000, 0x0000000088800000, 0x0000000088800000|100%| O|  |TAMS 0x0000000088700000| PB 0x0000000088700000| Untracked 
| 136|0x0000000088800000, 0x0000000088900000, 0x0000000088900000|100%| O|  |TAMS 0x0000000088800000| PB 0x0000000088800000| Untracked 
| 137|0x0000000088900000, 0x0000000088900000, 0x0000000088a00000|  0%| F|  |TAMS 0x0000000088900000| PB 0x0000000088900000| Untracked 
| 138|0x0000000088a00000, 0x0000000088b00000, 0x0000000088b00000|100%| O|  |TAMS 0x0000000088a00000| PB 0x0000000088a00000| Untracked 
| 139|0x0000000088b00000, 0x0000000088c00000, 0x0000000088c00000|100%| O|  |TAMS 0x0000000088b00000| PB 0x0000000088b00000| Untracked 
| 140|0x0000000088c00000, 0x0000000088d00000, 0x0000000088d00000|100%| O|  |TAMS 0x0000000088c00000| PB 0x0000000088c00000| Untracked 
| 141|0x0000000088d00000, 0x0000000088d00000, 0x0000000088e00000|  0%| F|  |TAMS 0x0000000088d00000| PB 0x0000000088d00000| Untracked 
| 142|0x0000000088e00000, 0x0000000088e00000, 0x0000000088f00000|  0%| F|  |TAMS 0x0000000088e00000| PB 0x0000000088e00000| Untracked 
| 143|0x0000000088f00000, 0x0000000088f00000, 0x0000000089000000|  0%| F|  |TAMS 0x0000000088f00000| PB 0x0000000088f00000| Untracked 
| 144|0x0000000089000000, 0x0000000089000000, 0x0000000089100000|  0%| F|  |TAMS 0x0000000089000000| PB 0x0000000089000000| Untracked 
| 145|0x0000000089100000, 0x0000000089100000, 0x0000000089200000|  0%| F|  |TAMS 0x0000000089100000| PB 0x0000000089100000| Untracked 
| 146|0x0000000089200000, 0x0000000089200000, 0x0000000089300000|  0%| F|  |TAMS 0x0000000089200000| PB 0x0000000089200000| Untracked 
| 147|0x0000000089300000, 0x0000000089300000, 0x0000000089400000|  0%| F|  |TAMS 0x0000000089300000| PB 0x0000000089300000| Untracked 
| 148|0x0000000089400000, 0x0000000089400000, 0x0000000089500000|  0%| F|  |TAMS 0x0000000089400000| PB 0x0000000089400000| Untracked 
| 149|0x0000000089500000, 0x0000000089600000, 0x0000000089600000|100%| O|  |TAMS 0x0000000089500000| PB 0x0000000089500000| Untracked 
| 150|0x0000000089600000, 0x0000000089700000, 0x0000000089700000|100%| O|  |TAMS 0x0000000089600000| PB 0x0000000089600000| Untracked 
| 151|0x0000000089700000, 0x0000000089700000, 0x0000000089800000|  0%| F|  |TAMS 0x0000000089700000| PB 0x0000000089700000| Untracked 
| 152|0x0000000089800000, 0x0000000089900000, 0x0000000089900000|100%| O|  |TAMS 0x0000000089800000| PB 0x0000000089800000| Untracked 
| 153|0x0000000089900000, 0x0000000089a00000, 0x0000000089a00000|100%| O|  |TAMS 0x0000000089900000| PB 0x0000000089900000| Untracked 
| 154|0x0000000089a00000, 0x0000000089b00000, 0x0000000089b00000|100%| O|  |TAMS 0x0000000089a00000| PB 0x0000000089a00000| Untracked 
| 155|0x0000000089b00000, 0x0000000089b00000, 0x0000000089c00000|  0%| F|  |TAMS 0x0000000089b00000| PB 0x0000000089b00000| Untracked 
| 156|0x0000000089c00000, 0x0000000089d00000, 0x0000000089d00000|100%| O|  |TAMS 0x0000000089c00000| PB 0x0000000089c00000| Untracked 
| 157|0x0000000089d00000, 0x0000000089e00000, 0x0000000089e00000|100%| O|  |TAMS 0x0000000089d00000| PB 0x0000000089d00000| Untracked 
| 158|0x0000000089e00000, 0x0000000089e00000, 0x0000000089f00000|  0%| F|  |TAMS 0x0000000089e00000| PB 0x0000000089e00000| Untracked 
| 159|0x0000000089f00000, 0x000000008a000000, 0x000000008a000000|100%| O|  |TAMS 0x0000000089f00000| PB 0x0000000089f00000| Untracked 
| 160|0x000000008a000000, 0x000000008a100000, 0x000000008a100000|100%| O|  |TAMS 0x000000008a000000| PB 0x000000008a000000| Untracked 
| 161|0x000000008a100000, 0x000000008a200000, 0x000000008a200000|100%| O|  |TAMS 0x000000008a100000| PB 0x000000008a100000| Untracked 
| 162|0x000000008a200000, 0x000000008a300000, 0x000000008a300000|100%| O|  |TAMS 0x000000008a200000| PB 0x000000008a200000| Untracked 
| 163|0x000000008a300000, 0x000000008a400000, 0x000000008a400000|100%| O|  |TAMS 0x000000008a300000| PB 0x000000008a300000| Untracked 
| 164|0x000000008a400000, 0x000000008a500000, 0x000000008a500000|100%| O|  |TAMS 0x000000008a400000| PB 0x000000008a400000| Untracked 
| 165|0x000000008a500000, 0x000000008a500000, 0x000000008a600000|  0%| F|  |TAMS 0x000000008a500000| PB 0x000000008a500000| Untracked 
| 166|0x000000008a600000, 0x000000008a700000, 0x000000008a700000|100%| O|  |TAMS 0x000000008a600000| PB 0x000000008a600000| Untracked 
| 167|0x000000008a700000, 0x000000008a800000, 0x000000008a800000|100%| O|  |TAMS 0x000000008a700000| PB 0x000000008a700000| Untracked 
| 168|0x000000008a800000, 0x000000008a900000, 0x000000008a900000|100%| O|  |TAMS 0x000000008a800000| PB 0x000000008a800000| Untracked 
| 169|0x000000008a900000, 0x000000008aa00000, 0x000000008aa00000|100%| O|  |TAMS 0x000000008a900000| PB 0x000000008a900000| Untracked 
| 170|0x000000008aa00000, 0x000000008aa00000, 0x000000008ab00000|  0%| F|  |TAMS 0x000000008aa00000| PB 0x000000008aa00000| Untracked 
| 171|0x000000008ab00000, 0x000000008ac00000, 0x000000008ac00000|100%| O|  |TAMS 0x000000008ab00000| PB 0x000000008ab00000| Untracked 
| 172|0x000000008ac00000, 0x000000008ad00000, 0x000000008ad00000|100%| O|  |TAMS 0x000000008ac00000| PB 0x000000008ac00000| Untracked 
| 173|0x000000008ad00000, 0x000000008ad00000, 0x000000008ae00000|  0%| F|  |TAMS 0x000000008ad00000| PB 0x000000008ad00000| Untracked 
| 174|0x000000008ae00000, 0x000000008ae00000, 0x000000008af00000|  0%| F|  |TAMS 0x000000008ae00000| PB 0x000000008ae00000| Untracked 
| 175|0x000000008af00000, 0x000000008af00000, 0x000000008b000000|  0%| F|  |TAMS 0x000000008af00000| PB 0x000000008af00000| Untracked 
| 176|0x000000008b000000, 0x000000008b100000, 0x000000008b100000|100%| O|  |TAMS 0x000000008b000000| PB 0x000000008b000000| Untracked 
| 177|0x000000008b100000, 0x000000008b100000, 0x000000008b200000|  0%| F|  |TAMS 0x000000008b100000| PB 0x000000008b100000| Untracked 
| 178|0x000000008b200000, 0x000000008b300000, 0x000000008b300000|100%| O|  |TAMS 0x000000008b200000| PB 0x000000008b200000| Untracked 
| 179|0x000000008b300000, 0x000000008b400000, 0x000000008b400000|100%| O|  |TAMS 0x000000008b300000| PB 0x000000008b300000| Untracked 
| 180|0x000000008b400000, 0x000000008b500000, 0x000000008b500000|100%| O|  |TAMS 0x000000008b400000| PB 0x000000008b400000| Untracked 
| 181|0x000000008b500000, 0x000000008b600000, 0x000000008b600000|100%| O|  |TAMS 0x000000008b500000| PB 0x000000008b500000| Untracked 
| 182|0x000000008b600000, 0x000000008b700000, 0x000000008b700000|100%| O|  |TAMS 0x000000008b600000| PB 0x000000008b600000| Untracked 
| 183|0x000000008b700000, 0x000000008b700000, 0x000000008b800000|  0%| F|  |TAMS 0x000000008b700000| PB 0x000000008b700000| Untracked 
| 184|0x000000008b800000, 0x000000008b800000, 0x000000008b900000|  0%| F|  |TAMS 0x000000008b800000| PB 0x000000008b800000| Untracked 
| 185|0x000000008b900000, 0x000000008b900000, 0x000000008ba00000|  0%| F|  |TAMS 0x000000008b900000| PB 0x000000008b900000| Untracked 
| 186|0x000000008ba00000, 0x000000008bb00000, 0x000000008bb00000|100%| O|  |TAMS 0x000000008ba00000| PB 0x000000008ba00000| Untracked 
| 187|0x000000008bb00000, 0x000000008bc00000, 0x000000008bc00000|100%| O|  |TAMS 0x000000008bb00000| PB 0x000000008bb00000| Untracked 
| 188|0x000000008bc00000, 0x000000008bd00000, 0x000000008bd00000|100%| O|  |TAMS 0x000000008bc00000| PB 0x000000008bc00000| Untracked 
| 189|0x000000008bd00000, 0x000000008be00000, 0x000000008be00000|100%| O|  |TAMS 0x000000008bd00000| PB 0x000000008bd00000| Untracked 
| 190|0x000000008be00000, 0x000000008bf00000, 0x000000008bf00000|100%| O|  |TAMS 0x000000008be00000| PB 0x000000008be00000| Untracked 
| 191|0x000000008bf00000, 0x000000008c000000, 0x000000008c000000|100%| O|  |TAMS 0x000000008bf00000| PB 0x000000008bf00000| Untracked 
| 192|0x000000008c000000, 0x000000008c100000, 0x000000008c100000|100%| O|  |TAMS 0x000000008c000000| PB 0x000000008c000000| Untracked 
| 193|0x000000008c100000, 0x000000008c200000, 0x000000008c200000|100%| O|  |TAMS 0x000000008c100000| PB 0x000000008c100000| Untracked 
| 194|0x000000008c200000, 0x000000008c200000, 0x000000008c300000|  0%| F|  |TAMS 0x000000008c200000| PB 0x000000008c200000| Untracked 
| 195|0x000000008c300000, 0x000000008c400000, 0x000000008c400000|100%| O|  |TAMS 0x000000008c300000| PB 0x000000008c300000| Untracked 
| 196|0x000000008c400000, 0x000000008c500000, 0x000000008c500000|100%| O|  |TAMS 0x000000008c400000| PB 0x000000008c400000| Untracked 
| 197|0x000000008c500000, 0x000000008c600000, 0x000000008c600000|100%| O|  |TAMS 0x000000008c500000| PB 0x000000008c500000| Untracked 
| 198|0x000000008c600000, 0x000000008c700000, 0x000000008c700000|100%| O|  |TAMS 0x000000008c600000| PB 0x000000008c600000| Untracked 
| 199|0x000000008c700000, 0x000000008c800000, 0x000000008c800000|100%| O|  |TAMS 0x000000008c700000| PB 0x000000008c700000| Untracked 
| 200|0x000000008c800000, 0x000000008c900000, 0x000000008c900000|100%| O|Cm|TAMS 0x000000008c800000| PB 0x000000008c800000| Complete 
| 201|0x000000008c900000, 0x000000008ca00000, 0x000000008ca00000|100%| O|  |TAMS 0x000000008c900000| PB 0x000000008c900000| Untracked 
| 202|0x000000008ca00000, 0x000000008cb00000, 0x000000008cb00000|100%| O|  |TAMS 0x000000008ca00000| PB 0x000000008ca00000| Untracked 
| 203|0x000000008cb00000, 0x000000008cc00000, 0x000000008cc00000|100%| O|  |TAMS 0x000000008cb00000| PB 0x000000008cb00000| Untracked 
| 204|0x000000008cc00000, 0x000000008cd00000, 0x000000008cd00000|100%| O|  |TAMS 0x000000008cc00000| PB 0x000000008cc00000| Untracked 
| 205|0x000000008cd00000, 0x000000008ce00000, 0x000000008ce00000|100%| O|  |TAMS 0x000000008cd00000| PB 0x000000008cd00000| Untracked 
| 206|0x000000008ce00000, 0x000000008ce00000, 0x000000008cf00000|  0%| F|  |TAMS 0x000000008ce00000| PB 0x000000008ce00000| Untracked 
| 207|0x000000008cf00000, 0x000000008d000000, 0x000000008d000000|100%| O|  |TAMS 0x000000008cf00000| PB 0x000000008cf00000| Untracked 
| 208|0x000000008d000000, 0x000000008d100000, 0x000000008d100000|100%| O|  |TAMS 0x000000008d000000| PB 0x000000008d000000| Untracked 
| 209|0x000000008d100000, 0x000000008d200000, 0x000000008d200000|100%| O|  |TAMS 0x000000008d100000| PB 0x000000008d100000| Untracked 
| 210|0x000000008d200000, 0x000000008d300000, 0x000000008d300000|100%| O|  |TAMS 0x000000008d200000| PB 0x000000008d200000| Untracked 
| 211|0x000000008d300000, 0x000000008d400000, 0x000000008d400000|100%| O|  |TAMS 0x000000008d300000| PB 0x000000008d300000| Untracked 
| 212|0x000000008d400000, 0x000000008d500000, 0x000000008d500000|100%| O|  |TAMS 0x000000008d400000| PB 0x000000008d400000| Untracked 
| 213|0x000000008d500000, 0x000000008d600000, 0x000000008d600000|100%| O|  |TAMS 0x000000008d500000| PB 0x000000008d500000| Untracked 
| 214|0x000000008d600000, 0x000000008d700000, 0x000000008d700000|100%| O|  |TAMS 0x000000008d600000| PB 0x000000008d600000| Untracked 
| 215|0x000000008d700000, 0x000000008d700000, 0x000000008d800000|  0%| F|  |TAMS 0x000000008d700000| PB 0x000000008d700000| Untracked 
| 216|0x000000008d800000, 0x000000008d900000, 0x000000008d900000|100%| O|  |TAMS 0x000000008d800000| PB 0x000000008d800000| Untracked 
| 217|0x000000008d900000, 0x000000008da00000, 0x000000008da00000|100%| O|  |TAMS 0x000000008d900000| PB 0x000000008d900000| Untracked 
| 218|0x000000008da00000, 0x000000008db00000, 0x000000008db00000|100%| O|  |TAMS 0x000000008da00000| PB 0x000000008da00000| Untracked 
| 219|0x000000008db00000, 0x000000008dc00000, 0x000000008dc00000|100%| O|  |TAMS 0x000000008db00000| PB 0x000000008db00000| Untracked 
| 220|0x000000008dc00000, 0x000000008dd00000, 0x000000008dd00000|100%| O|Cm|TAMS 0x000000008dc00000| PB 0x000000008dc00000| Complete 
| 221|0x000000008dd00000, 0x000000008de00000, 0x000000008de00000|100%| O|  |TAMS 0x000000008dd00000| PB 0x000000008dd00000| Untracked 
| 222|0x000000008de00000, 0x000000008df00000, 0x000000008df00000|100%| O|  |TAMS 0x000000008de00000| PB 0x000000008de00000| Untracked 
| 223|0x000000008df00000, 0x000000008e000000, 0x000000008e000000|100%| O|  |TAMS 0x000000008df00000| PB 0x000000008df00000| Untracked 
| 224|0x000000008e000000, 0x000000008e100000, 0x000000008e100000|100%| O|  |TAMS 0x000000008e000000| PB 0x000000008e000000| Untracked 
| 225|0x000000008e100000, 0x000000008e200000, 0x000000008e200000|100%| O|  |TAMS 0x000000008e100000| PB 0x000000008e100000| Untracked 
| 226|0x000000008e200000, 0x000000008e300000, 0x000000008e300000|100%| O|  |TAMS 0x000000008e200000| PB 0x000000008e200000| Untracked 
| 227|0x000000008e300000, 0x000000008e380000, 0x000000008e400000| 50%| O|  |TAMS 0x000000008e300000| PB 0x000000008e300000| Untracked 
| 228|0x000000008e400000, 0x000000008e400000, 0x000000008e500000|  0%| F|  |TAMS 0x000000008e400000| PB 0x000000008e400000| Untracked 
| 229|0x000000008e500000, 0x000000008e600000, 0x000000008e600000|100%| O|  |TAMS 0x000000008e500000| PB 0x000000008e500000| Untracked 
| 230|0x000000008e600000, 0x000000008e700000, 0x000000008e700000|100%| O|  |TAMS 0x000000008e600000| PB 0x000000008e600000| Untracked 
| 231|0x000000008e700000, 0x000000008e800000, 0x000000008e800000|100%| O|  |TAMS 0x000000008e700000| PB 0x000000008e700000| Untracked 
| 232|0x000000008e800000, 0x000000008e900000, 0x000000008e900000|100%| O|  |TAMS 0x000000008e800000| PB 0x000000008e800000| Untracked 
| 233|0x000000008e900000, 0x000000008e900000, 0x000000008ea00000|  0%| F|  |TAMS 0x000000008e900000| PB 0x000000008e900000| Untracked 
| 234|0x000000008ea00000, 0x000000008ea00000, 0x000000008eb00000|  0%| F|  |TAMS 0x000000008ea00000| PB 0x000000008ea00000| Untracked 
| 235|0x000000008eb00000, 0x000000008eb00000, 0x000000008ec00000|  0%| F|  |TAMS 0x000000008eb00000| PB 0x000000008eb00000| Untracked 
| 236|0x000000008ec00000, 0x000000008ec00000, 0x000000008ed00000|  0%| F|  |TAMS 0x000000008ec00000| PB 0x000000008ec00000| Untracked 
| 237|0x000000008ed00000, 0x000000008ed00000, 0x000000008ee00000|  0%| F|  |TAMS 0x000000008ed00000| PB 0x000000008ed00000| Untracked 
| 238|0x000000008ee00000, 0x000000008ee00000, 0x000000008ef00000|  0%| F|  |TAMS 0x000000008ee00000| PB 0x000000008ee00000| Untracked 
| 239|0x000000008ef00000, 0x000000008ef00000, 0x000000008f000000|  0%| F|  |TAMS 0x000000008ef00000| PB 0x000000008ef00000| Untracked 
| 240|0x000000008f000000, 0x000000008f000000, 0x000000008f100000|  0%| F|  |TAMS 0x000000008f000000| PB 0x000000008f000000| Untracked 
| 241|0x000000008f100000, 0x000000008f100000, 0x000000008f200000|  0%| F|  |TAMS 0x000000008f100000| PB 0x000000008f100000| Untracked 
| 242|0x000000008f200000, 0x000000008f200000, 0x000000008f300000|  0%| F|  |TAMS 0x000000008f200000| PB 0x000000008f200000| Untracked 
| 243|0x000000008f300000, 0x000000008f400000, 0x000000008f400000|100%| S|CS|TAMS 0x000000008f300000| PB 0x000000008f300000| Complete 
| 244|0x000000008f400000, 0x000000008f500000, 0x000000008f500000|100%| S|CS|TAMS 0x000000008f400000| PB 0x000000008f400000| Complete 
| 245|0x000000008f500000, 0x000000008f600000, 0x000000008f600000|100%| S|CS|TAMS 0x000000008f500000| PB 0x000000008f500000| Complete 
| 246|0x000000008f600000, 0x000000008f700000, 0x000000008f700000|100%| S|CS|TAMS 0x000000008f600000| PB 0x000000008f600000| Complete 
| 247|0x000000008f700000, 0x000000008f800000, 0x000000008f800000|100%| S|CS|TAMS 0x000000008f700000| PB 0x000000008f700000| Complete 
| 248|0x000000008f800000, 0x000000008f900000, 0x000000008f900000|100%| S|CS|TAMS 0x000000008f800000| PB 0x000000008f800000| Complete 
| 249|0x000000008f900000, 0x000000008fa00000, 0x000000008fa00000|100%| S|CS|TAMS 0x000000008f900000| PB 0x000000008f900000| Complete 
| 250|0x000000008fa00000, 0x000000008fb00000, 0x000000008fb00000|100%| S|CS|TAMS 0x000000008fa00000| PB 0x000000008fa00000| Complete 
| 251|0x000000008fb00000, 0x000000008fb00000, 0x000000008fc00000|  0%| F|  |TAMS 0x000000008fb00000| PB 0x000000008fb00000| Untracked 
| 252|0x000000008fc00000, 0x000000008fc00000, 0x000000008fd00000|  0%| F|  |TAMS 0x000000008fc00000| PB 0x000000008fc00000| Untracked 
| 253|0x000000008fd00000, 0x000000008fd00000, 0x000000008fe00000|  0%| F|  |TAMS 0x000000008fd00000| PB 0x000000008fd00000| Untracked 
| 254|0x000000008fe00000, 0x000000008fe00000, 0x000000008ff00000|  0%| F|  |TAMS 0x000000008fe00000| PB 0x000000008fe00000| Untracked 
| 255|0x000000008ff00000, 0x000000008ff00000, 0x0000000090000000|  0%| F|  |TAMS 0x000000008ff00000| PB 0x000000008ff00000| Untracked 
| 256|0x0000000090000000, 0x0000000090000000, 0x0000000090100000|  0%| F|  |TAMS 0x0000000090000000| PB 0x0000000090000000| Untracked 
| 257|0x0000000090100000, 0x0000000090100000, 0x0000000090200000|  0%| F|  |TAMS 0x0000000090100000| PB 0x0000000090100000| Untracked 
| 258|0x0000000090200000, 0x0000000090200000, 0x0000000090300000|  0%| F|  |TAMS 0x0000000090200000| PB 0x0000000090200000| Untracked 
| 259|0x0000000090300000, 0x0000000090300000, 0x0000000090400000|  0%| F|  |TAMS 0x0000000090300000| PB 0x0000000090300000| Untracked 
| 260|0x0000000090400000, 0x0000000090400000, 0x0000000090500000|  0%| F|  |TAMS 0x0000000090400000| PB 0x0000000090400000| Untracked 
| 261|0x0000000090500000, 0x0000000090500000, 0x0000000090600000|  0%| F|  |TAMS 0x0000000090500000| PB 0x0000000090500000| Untracked 
| 262|0x0000000090600000, 0x0000000090600000, 0x0000000090700000|  0%| F|  |TAMS 0x0000000090600000| PB 0x0000000090600000| Untracked 
| 263|0x0000000090700000, 0x0000000090700000, 0x0000000090800000|  0%| F|  |TAMS 0x0000000090700000| PB 0x0000000090700000| Untracked 
| 264|0x0000000090800000, 0x0000000090800000, 0x0000000090900000|  0%| F|  |TAMS 0x0000000090800000| PB 0x0000000090800000| Untracked 
| 265|0x0000000090900000, 0x0000000090900000, 0x0000000090a00000|  0%| F|  |TAMS 0x0000000090900000| PB 0x0000000090900000| Untracked 
| 266|0x0000000090a00000, 0x0000000090a00000, 0x0000000090b00000|  0%| F|  |TAMS 0x0000000090a00000| PB 0x0000000090a00000| Untracked 
| 267|0x0000000090b00000, 0x0000000090b00000, 0x0000000090c00000|  0%| F|  |TAMS 0x0000000090b00000| PB 0x0000000090b00000| Untracked 
| 268|0x0000000090c00000, 0x0000000090d00000, 0x0000000090d00000|100%| S|CS|TAMS 0x0000000090c00000| PB 0x0000000090c00000| Complete 
| 269|0x0000000090d00000, 0x0000000090d00000, 0x0000000090e00000|  0%| F|  |TAMS 0x0000000090d00000| PB 0x0000000090d00000| Untracked 
| 270|0x0000000090e00000, 0x0000000090e00000, 0x0000000090f00000|  0%| F|  |TAMS 0x0000000090e00000| PB 0x0000000090e00000| Untracked 
| 271|0x0000000090f00000, 0x0000000090f00000, 0x0000000091000000|  0%| F|  |TAMS 0x0000000090f00000| PB 0x0000000090f00000| Untracked 
| 272|0x0000000091000000, 0x0000000091000000, 0x0000000091100000|  0%| F|  |TAMS 0x0000000091000000| PB 0x0000000091000000| Untracked 
| 273|0x0000000091100000, 0x0000000091100000, 0x0000000091200000|  0%| F|  |TAMS 0x0000000091100000| PB 0x0000000091100000| Untracked 
| 274|0x0000000091200000, 0x0000000091200000, 0x0000000091300000|  0%| F|  |TAMS 0x0000000091200000| PB 0x0000000091200000| Untracked 
| 275|0x0000000091300000, 0x0000000091300000, 0x0000000091400000|  0%| F|  |TAMS 0x0000000091300000| PB 0x0000000091300000| Untracked 
| 276|0x0000000091400000, 0x0000000091400000, 0x0000000091500000|  0%| F|  |TAMS 0x0000000091400000| PB 0x0000000091400000| Untracked 
| 277|0x0000000091500000, 0x0000000091500000, 0x0000000091600000|  0%| F|  |TAMS 0x0000000091500000| PB 0x0000000091500000| Untracked 
| 278|0x0000000091600000, 0x0000000091600000, 0x0000000091700000|  0%| F|  |TAMS 0x0000000091600000| PB 0x0000000091600000| Untracked 
| 279|0x0000000091700000, 0x0000000091700000, 0x0000000091800000|  0%| F|  |TAMS 0x0000000091700000| PB 0x0000000091700000| Untracked 
| 280|0x0000000091800000, 0x0000000091800000, 0x0000000091900000|  0%| F|  |TAMS 0x0000000091800000| PB 0x0000000091800000| Untracked 
| 281|0x0000000091900000, 0x0000000091900000, 0x0000000091a00000|  0%| F|  |TAMS 0x0000000091900000| PB 0x0000000091900000| Untracked 
| 282|0x0000000091a00000, 0x0000000091a00000, 0x0000000091b00000|  0%| F|  |TAMS 0x0000000091a00000| PB 0x0000000091a00000| Untracked 
| 283|0x0000000091b00000, 0x0000000091b00000, 0x0000000091c00000|  0%| F|  |TAMS 0x0000000091b00000| PB 0x0000000091b00000| Untracked 
| 284|0x0000000091c00000, 0x0000000091c00000, 0x0000000091d00000|  0%| F|  |TAMS 0x0000000091c00000| PB 0x0000000091c00000| Untracked 
| 285|0x0000000091d00000, 0x0000000091d00000, 0x0000000091e00000|  0%| F|  |TAMS 0x0000000091d00000| PB 0x0000000091d00000| Untracked 
| 286|0x0000000091e00000, 0x0000000091e00000, 0x0000000091f00000|  0%| F|  |TAMS 0x0000000091e00000| PB 0x0000000091e00000| Untracked 
| 287|0x0000000091f00000, 0x0000000091f00000, 0x0000000092000000|  0%| F|  |TAMS 0x0000000091f00000| PB 0x0000000091f00000| Untracked 
| 288|0x0000000092000000, 0x0000000092000000, 0x0000000092100000|  0%| F|  |TAMS 0x0000000092000000| PB 0x0000000092000000| Untracked 
| 289|0x0000000092100000, 0x0000000092100000, 0x0000000092200000|  0%| F|  |TAMS 0x0000000092100000| PB 0x0000000092100000| Untracked 
| 290|0x0000000092200000, 0x0000000092200000, 0x0000000092300000|  0%| F|  |TAMS 0x0000000092200000| PB 0x0000000092200000| Untracked 
| 291|0x0000000092300000, 0x0000000092300000, 0x0000000092400000|  0%| F|  |TAMS 0x0000000092300000| PB 0x0000000092300000| Untracked 
| 292|0x0000000092400000, 0x0000000092400000, 0x0000000092500000|  0%| F|  |TAMS 0x0000000092400000| PB 0x0000000092400000| Untracked 
| 293|0x0000000092500000, 0x0000000092500000, 0x0000000092600000|  0%| F|  |TAMS 0x0000000092500000| PB 0x0000000092500000| Untracked 
| 294|0x0000000092600000, 0x0000000092600000, 0x0000000092700000|  0%| F|  |TAMS 0x0000000092600000| PB 0x0000000092600000| Untracked 
| 295|0x0000000092700000, 0x0000000092700000, 0x0000000092800000|  0%| F|  |TAMS 0x0000000092700000| PB 0x0000000092700000| Untracked 
| 296|0x0000000092800000, 0x0000000092800000, 0x0000000092900000|  0%| F|  |TAMS 0x0000000092800000| PB 0x0000000092800000| Untracked 
| 297|0x0000000092900000, 0x0000000092900000, 0x0000000092a00000|  0%| F|  |TAMS 0x0000000092900000| PB 0x0000000092900000| Untracked 
| 298|0x0000000092a00000, 0x0000000092a00000, 0x0000000092b00000|  0%| F|  |TAMS 0x0000000092a00000| PB 0x0000000092a00000| Untracked 
| 299|0x0000000092b00000, 0x0000000092b00000, 0x0000000092c00000|  0%| F|  |TAMS 0x0000000092b00000| PB 0x0000000092b00000| Untracked 
| 300|0x0000000092c00000, 0x0000000092c00000, 0x0000000092d00000|  0%| F|  |TAMS 0x0000000092c00000| PB 0x0000000092c00000| Untracked 
| 301|0x0000000092d00000, 0x0000000092d00000, 0x0000000092e00000|  0%| F|  |TAMS 0x0000000092d00000| PB 0x0000000092d00000| Untracked 
| 302|0x0000000092e00000, 0x0000000092e00000, 0x0000000092f00000|  0%| F|  |TAMS 0x0000000092e00000| PB 0x0000000092e00000| Untracked 
| 303|0x0000000092f00000, 0x0000000092f00000, 0x0000000093000000|  0%| F|  |TAMS 0x0000000092f00000| PB 0x0000000092f00000| Untracked 
| 304|0x0000000093000000, 0x0000000093000000, 0x0000000093100000|  0%| F|  |TAMS 0x0000000093000000| PB 0x0000000093000000| Untracked 
| 305|0x0000000093100000, 0x0000000093100000, 0x0000000093200000|  0%| F|  |TAMS 0x0000000093100000| PB 0x0000000093100000| Untracked 
| 306|0x0000000093200000, 0x0000000093200000, 0x0000000093300000|  0%| F|  |TAMS 0x0000000093200000| PB 0x0000000093200000| Untracked 
| 307|0x0000000093300000, 0x0000000093300000, 0x0000000093400000|  0%| F|  |TAMS 0x0000000093300000| PB 0x0000000093300000| Untracked 
| 308|0x0000000093400000, 0x0000000093400000, 0x0000000093500000|  0%| F|  |TAMS 0x0000000093400000| PB 0x0000000093400000| Untracked 
| 309|0x0000000093500000, 0x0000000093500000, 0x0000000093600000|  0%| F|  |TAMS 0x0000000093500000| PB 0x0000000093500000| Untracked 
| 310|0x0000000093600000, 0x0000000093600000, 0x0000000093700000|  0%| F|  |TAMS 0x0000000093600000| PB 0x0000000093600000| Untracked 
| 311|0x0000000093700000, 0x0000000093700000, 0x0000000093800000|  0%| F|  |TAMS 0x0000000093700000| PB 0x0000000093700000| Untracked 
| 312|0x0000000093800000, 0x0000000093800000, 0x0000000093900000|  0%| F|  |TAMS 0x0000000093800000| PB 0x0000000093800000| Untracked 
| 313|0x0000000093900000, 0x0000000093900000, 0x0000000093a00000|  0%| F|  |TAMS 0x0000000093900000| PB 0x0000000093900000| Untracked 
| 314|0x0000000093a00000, 0x0000000093a00000, 0x0000000093b00000|  0%| F|  |TAMS 0x0000000093a00000| PB 0x0000000093a00000| Untracked 
| 315|0x0000000093b00000, 0x0000000093b00000, 0x0000000093c00000|  0%| F|  |TAMS 0x0000000093b00000| PB 0x0000000093b00000| Untracked 
| 316|0x0000000093c00000, 0x0000000093c00000, 0x0000000093d00000|  0%| F|  |TAMS 0x0000000093c00000| PB 0x0000000093c00000| Untracked 
| 317|0x0000000093d00000, 0x0000000093d00000, 0x0000000093e00000|  0%| F|  |TAMS 0x0000000093d00000| PB 0x0000000093d00000| Untracked 
| 318|0x0000000093e00000, 0x0000000093e00000, 0x0000000093f00000|  0%| F|  |TAMS 0x0000000093e00000| PB 0x0000000093e00000| Untracked 
| 319|0x0000000093f00000, 0x0000000093f00000, 0x0000000094000000|  0%| F|  |TAMS 0x0000000093f00000| PB 0x0000000093f00000| Untracked 
| 320|0x0000000094000000, 0x0000000094000000, 0x0000000094100000|  0%| F|  |TAMS 0x0000000094000000| PB 0x0000000094000000| Untracked 
| 321|0x0000000094100000, 0x0000000094100000, 0x0000000094200000|  0%| F|  |TAMS 0x0000000094100000| PB 0x0000000094100000| Untracked 
| 322|0x0000000094200000, 0x0000000094200000, 0x0000000094300000|  0%| F|  |TAMS 0x0000000094200000| PB 0x0000000094200000| Untracked 
| 323|0x0000000094300000, 0x0000000094300000, 0x0000000094400000|  0%| F|  |TAMS 0x0000000094300000| PB 0x0000000094300000| Untracked 
| 324|0x0000000094400000, 0x0000000094400000, 0x0000000094500000|  0%| F|  |TAMS 0x0000000094400000| PB 0x0000000094400000| Untracked 
| 325|0x0000000094500000, 0x0000000094500000, 0x0000000094600000|  0%| F|  |TAMS 0x0000000094500000| PB 0x0000000094500000| Untracked 
| 326|0x0000000094600000, 0x0000000094600000, 0x0000000094700000|  0%| F|  |TAMS 0x0000000094600000| PB 0x0000000094600000| Untracked 
| 327|0x0000000094700000, 0x0000000094700000, 0x0000000094800000|  0%| F|  |TAMS 0x0000000094700000| PB 0x0000000094700000| Untracked 
| 328|0x0000000094800000, 0x00000000948cf0f8, 0x0000000094900000| 80%| E|  |TAMS 0x0000000094800000| PB 0x0000000094800000| Complete 
| 329|0x0000000094900000, 0x0000000094a00000, 0x0000000094a00000|100%| E|CS|TAMS 0x0000000094900000| PB 0x0000000094900000| Complete 
| 330|0x0000000094a00000, 0x0000000094b00000, 0x0000000094b00000|100%| E|CS|TAMS 0x0000000094a00000| PB 0x0000000094a00000| Complete 
| 331|0x0000000094b00000, 0x0000000094c00000, 0x0000000094c00000|100%| E|CS|TAMS 0x0000000094b00000| PB 0x0000000094b00000| Complete 
| 332|0x0000000094c00000, 0x0000000094d00000, 0x0000000094d00000|100%| E|CS|TAMS 0x0000000094c00000| PB 0x0000000094c00000| Complete 
| 333|0x0000000094d00000, 0x0000000094e00000, 0x0000000094e00000|100%| E|CS|TAMS 0x0000000094d00000| PB 0x0000000094d00000| Complete 
| 334|0x0000000094e00000, 0x0000000094f00000, 0x0000000094f00000|100%| E|CS|TAMS 0x0000000094e00000| PB 0x0000000094e00000| Complete 
| 335|0x0000000094f00000, 0x0000000095000000, 0x0000000095000000|100%| E|CS|TAMS 0x0000000094f00000| PB 0x0000000094f00000| Complete 
| 336|0x0000000095000000, 0x0000000095100000, 0x0000000095100000|100%| E|CS|TAMS 0x0000000095000000| PB 0x0000000095000000| Complete 
| 337|0x0000000095100000, 0x0000000095200000, 0x0000000095200000|100%| E|CS|TAMS 0x0000000095100000| PB 0x0000000095100000| Complete 
| 338|0x0000000095200000, 0x0000000095300000, 0x0000000095300000|100%| E|CS|TAMS 0x0000000095200000| PB 0x0000000095200000| Complete 
| 339|0x0000000095300000, 0x0000000095400000, 0x0000000095400000|100%| E|CS|TAMS 0x0000000095300000| PB 0x0000000095300000| Complete 
| 340|0x0000000095400000, 0x0000000095500000, 0x0000000095500000|100%| E|CS|TAMS 0x0000000095400000| PB 0x0000000095400000| Complete 
| 341|0x0000000095500000, 0x0000000095600000, 0x0000000095600000|100%| E|CS|TAMS 0x0000000095500000| PB 0x0000000095500000| Complete 
| 342|0x0000000095600000, 0x0000000095700000, 0x0000000095700000|100%| E|CS|TAMS 0x0000000095600000| PB 0x0000000095600000| Complete 
| 343|0x0000000095700000, 0x0000000095800000, 0x0000000095800000|100%| E|CS|TAMS 0x0000000095700000| PB 0x0000000095700000| Complete 
| 344|0x0000000095800000, 0x0000000095900000, 0x0000000095900000|100%| E|CS|TAMS 0x0000000095800000| PB 0x0000000095800000| Complete 
| 345|0x0000000095900000, 0x0000000095a00000, 0x0000000095a00000|100%| E|CS|TAMS 0x0000000095900000| PB 0x0000000095900000| Complete 
| 346|0x0000000095a00000, 0x0000000095b00000, 0x0000000095b00000|100%| E|CS|TAMS 0x0000000095a00000| PB 0x0000000095a00000| Complete 
| 347|0x0000000095b00000, 0x0000000095c00000, 0x0000000095c00000|100%| E|CS|TAMS 0x0000000095b00000| PB 0x0000000095b00000| Complete 
| 348|0x0000000095c00000, 0x0000000095d00000, 0x0000000095d00000|100%| E|CS|TAMS 0x0000000095c00000| PB 0x0000000095c00000| Complete 
| 349|0x0000000095d00000, 0x0000000095e00000, 0x0000000095e00000|100%| E|CS|TAMS 0x0000000095d00000| PB 0x0000000095d00000| Complete 
| 350|0x0000000095e00000, 0x0000000095f00000, 0x0000000095f00000|100%| E|CS|TAMS 0x0000000095e00000| PB 0x0000000095e00000| Complete 
| 351|0x0000000095f00000, 0x0000000096000000, 0x0000000096000000|100%| E|CS|TAMS 0x0000000095f00000| PB 0x0000000095f00000| Complete 
| 352|0x0000000096000000, 0x0000000096100000, 0x0000000096100000|100%| E|CS|TAMS 0x0000000096000000| PB 0x0000000096000000| Complete 
| 353|0x0000000096100000, 0x0000000096200000, 0x0000000096200000|100%| E|CS|TAMS 0x0000000096100000| PB 0x0000000096100000| Complete 
| 354|0x0000000096200000, 0x0000000096300000, 0x0000000096300000|100%| E|CS|TAMS 0x0000000096200000| PB 0x0000000096200000| Complete 
| 355|0x0000000096300000, 0x0000000096400000, 0x0000000096400000|100%| E|CS|TAMS 0x0000000096300000| PB 0x0000000096300000| Complete 
| 356|0x0000000096400000, 0x0000000096500000, 0x0000000096500000|100%| E|CS|TAMS 0x0000000096400000| PB 0x0000000096400000| Complete 
| 357|0x0000000096500000, 0x0000000096600000, 0x0000000096600000|100%| E|CS|TAMS 0x0000000096500000| PB 0x0000000096500000| Complete 
| 358|0x0000000096600000, 0x0000000096700000, 0x0000000096700000|100%| E|CS|TAMS 0x0000000096600000| PB 0x0000000096600000| Complete 
| 359|0x0000000096700000, 0x0000000096800000, 0x0000000096800000|100%| E|CS|TAMS 0x0000000096700000| PB 0x0000000096700000| Complete 
| 360|0x0000000096800000, 0x0000000096900000, 0x0000000096900000|100%| E|CS|TAMS 0x0000000096800000| PB 0x0000000096800000| Complete 
| 361|0x0000000096900000, 0x0000000096a00000, 0x0000000096a00000|100%| E|CS|TAMS 0x0000000096900000| PB 0x0000000096900000| Complete 
| 362|0x0000000096a00000, 0x0000000096b00000, 0x0000000096b00000|100%| E|CS|TAMS 0x0000000096a00000| PB 0x0000000096a00000| Complete 
| 363|0x0000000096b00000, 0x0000000096c00000, 0x0000000096c00000|100%| E|CS|TAMS 0x0000000096b00000| PB 0x0000000096b00000| Complete 
| 364|0x0000000096c00000, 0x0000000096d00000, 0x0000000096d00000|100%| E|CS|TAMS 0x0000000096c00000| PB 0x0000000096c00000| Complete 
| 365|0x0000000096d00000, 0x0000000096e00000, 0x0000000096e00000|100%| E|CS|TAMS 0x0000000096d00000| PB 0x0000000096d00000| Complete 
| 366|0x0000000096e00000, 0x0000000096f00000, 0x0000000096f00000|100%| E|CS|TAMS 0x0000000096e00000| PB 0x0000000096e00000| Complete 
| 367|0x0000000096f00000, 0x0000000097000000, 0x0000000097000000|100%| E|CS|TAMS 0x0000000096f00000| PB 0x0000000096f00000| Complete 
| 368|0x0000000097000000, 0x0000000097100000, 0x0000000097100000|100%| E|CS|TAMS 0x0000000097000000| PB 0x0000000097000000| Complete 
| 369|0x0000000097100000, 0x0000000097200000, 0x0000000097200000|100%| E|CS|TAMS 0x0000000097100000| PB 0x0000000097100000| Complete 
| 370|0x0000000097200000, 0x0000000097300000, 0x0000000097300000|100%| E|CS|TAMS 0x0000000097200000| PB 0x0000000097200000| Complete 
| 371|0x0000000097300000, 0x0000000097400000, 0x0000000097400000|100%| E|CS|TAMS 0x0000000097300000| PB 0x0000000097300000| Complete 
| 372|0x0000000097400000, 0x0000000097500000, 0x0000000097500000|100%| E|CS|TAMS 0x0000000097400000| PB 0x0000000097400000| Complete 
| 373|0x0000000097500000, 0x0000000097600000, 0x0000000097600000|100%| E|CS|TAMS 0x0000000097500000| PB 0x0000000097500000| Complete 
| 374|0x0000000097600000, 0x0000000097700000, 0x0000000097700000|100%| E|CS|TAMS 0x0000000097600000| PB 0x0000000097600000| Complete 
| 375|0x0000000097700000, 0x0000000097800000, 0x0000000097800000|100%| E|CS|TAMS 0x0000000097700000| PB 0x0000000097700000| Complete 
| 376|0x0000000097800000, 0x0000000097900000, 0x0000000097900000|100%| E|CS|TAMS 0x0000000097800000| PB 0x0000000097800000| Complete 
| 377|0x0000000097900000, 0x0000000097a00000, 0x0000000097a00000|100%| E|CS|TAMS 0x0000000097900000| PB 0x0000000097900000| Complete 
| 378|0x0000000097a00000, 0x0000000097b00000, 0x0000000097b00000|100%| E|CS|TAMS 0x0000000097a00000| PB 0x0000000097a00000| Complete 
| 379|0x0000000097b00000, 0x0000000097c00000, 0x0000000097c00000|100%| E|CS|TAMS 0x0000000097b00000| PB 0x0000000097b00000| Complete 
|2036|0x00000000ff400000, 0x00000000ff500000, 0x00000000ff500000|100%| O|  |TAMS 0x00000000ff400000| PB 0x00000000ff400000| Untracked 
|2037|0x00000000ff500000, 0x00000000ff600000, 0x00000000ff600000|100%| O|  |TAMS 0x00000000ff500000| PB 0x00000000ff500000| Untracked 
|2038|0x00000000ff600000, 0x00000000ff700000, 0x00000000ff700000|100%| E|CS|TAMS 0x00000000ff600000| PB 0x00000000ff600000| Complete 
|2039|0x00000000ff700000, 0x00000000ff800000, 0x00000000ff800000|100%| E|CS|TAMS 0x00000000ff700000| PB 0x00000000ff700000| Complete 
|2040|0x00000000ff800000, 0x00000000ff900000, 0x00000000ff900000|100%| E|CS|TAMS 0x00000000ff800000| PB 0x00000000ff800000| Complete 
|2041|0x00000000ff900000, 0x00000000ffa00000, 0x00000000ffa00000|100%| O|  |TAMS 0x00000000ff900000| PB 0x00000000ff900000| Untracked 
|2042|0x00000000ffa00000, 0x00000000ffb00000, 0x00000000ffb00000|100%| O|  |TAMS 0x00000000ffa00000| PB 0x00000000ffa00000| Untracked 
|2043|0x00000000ffb00000, 0x00000000ffc00000, 0x00000000ffc00000|100%| O|  |TAMS 0x00000000ffb00000| PB 0x00000000ffb00000| Untracked 
|2044|0x00000000ffc00000, 0x00000000ffd00000, 0x00000000ffd00000|100%| O|  |TAMS 0x00000000ffc00000| PB 0x00000000ffc00000| Untracked 
|2045|0x00000000ffd00000, 0x00000000ffe00000, 0x00000000ffe00000|100%| O|  |TAMS 0x00000000ffd00000| PB 0x00000000ffd00000| Untracked 
|2046|0x00000000ffe00000, 0x00000000fff00000, 0x00000000fff00000|100%| E|CS|TAMS 0x00000000ffe00000| PB 0x00000000ffe00000| Complete 
|2047|0x00000000fff00000, 0x0000000100000000, 0x0000000100000000|100%| O|  |TAMS 0x00000000fff00000| PB 0x00000000fff00000| Untracked 

Card table byte_map: [0x0000022d7e9a0000,0x0000022d7eda0000] _byte_map_base: 0x0000022d7e5a0000

Marking Bits: (CMBitMap*) 0x0000022d7dfdda00
 Bits: [0x0000022d17660000, 0x0000022d19660000)

Polling page: 0x0000022d7bed0000

Metaspace:

Usage:
  Non-class:    119.75 MB used.
      Class:     19.37 MB used.
       Both:    139.13 MB used.

Virtual space:
  Non-class space:      128.00 MB reserved,     121.25 MB ( 95%) committed,  2 nodes.
      Class space:        1.00 GB reserved,      20.81 MB (  2%) committed,  1 nodes.
             Both:        1.12 GB reserved,     142.06 MB ( 12%) committed. 

Chunk freelists:
   Non-Class:  6.16 MB
       Class:  11.19 MB
        Both:  17.35 MB

MaxMetaspaceSize: unlimited
CompressedClassSpaceSize: 1.00 GB
Initial GC threshold: 21.00 MB
Current GC threshold: 236.06 MB
CDS: on
 - commit_granule_bytes: 65536.
 - commit_granule_words: 8192.
 - virtual_space_node_default_size: 8388608.
 - enlarge_chunks_in_place: 1.
 - use_allocation_guard: 0.


Internal statistics:

num_allocs_failed_limit: 6.
num_arena_births: 5302.
num_arena_deaths: 0.
num_vsnodes_births: 3.
num_vsnodes_deaths: 0.
num_space_committed: 2273.
num_space_uncommitted: 0.
num_chunks_returned_to_freelist: 6.
num_chunks_taken_from_freelist: 12183.
num_chunk_merges: 6.
num_chunk_splits: 7943.
num_chunks_enlarged: 5015.
num_inconsistent_stats: 0.

CodeHeap 'non-profiled nmethods': size=120000Kb used=15458Kb max_used=15458Kb free=104541Kb
 bounds [0x0000022d10130000, 0x0000022d11050000, 0x0000022d17660000]
CodeHeap 'profiled nmethods': size=120000Kb used=36983Kb max_used=36983Kb free=83016Kb
 bounds [0x0000022d08660000, 0x0000022d0aa80000, 0x0000022d0fb90000]
CodeHeap 'non-nmethods': size=5760Kb used=2797Kb max_used=2879Kb free=2962Kb
 bounds [0x0000022d0fb90000, 0x0000022d0fe70000, 0x0000022d10130000]
CodeCache: size=245760Kb, used=55238Kb, max_used=55320Kb, free=190519Kb
 total_blobs=20462, nmethods=19416, adapters=949, full_count=0
Compilation: enabled, stopped_count=0, restarted_count=0

Compilation events (20 events):
Event: 255.565 Thread 0x0000022d7fa248a0 23609       3       com.android.build.gradle.internal.api.ApkVariantOutputImpl_Decorated::getName (39 bytes)
Event: 255.566 Thread 0x0000022d7fa248a0 nmethod 23609 0x0000022d0aa7a490 code [0x0000022d0aa7a680, 0x0000022d0aa7aac8]
Event: 255.566 Thread 0x0000022d7fa248a0 23605       3       com.android.build.gradle.internal.dependency.GenericTransformParameters_Decorated::$gradleInitWork (26 bytes)
Event: 255.566 Thread 0x0000022d7fa248a0 nmethod 23605 0x0000022d0aa7ac90 code [0x0000022d0aa7aea0, 0x0000022d0aa7b6b0]
Event: 255.566 Thread 0x0000022d7fa248a0 23606       3       com.android.build.gradle.internal.dependency.GenericTransformParameters_Decorated::$gradleInitAttach (1 bytes)
Event: 255.566 Thread 0x0000022d7fa248a0 nmethod 23606 0x0000022d0a03c290 code [0x0000022d0a03c420, 0x0000022d0a03c528]
Event: 255.566 Thread 0x0000022d7fa248a0 23607       3       com.android.build.gradle.internal.dependency.GenericTransformParameters_Decorated::getProjectName (35 bytes)
Event: 255.567 Thread 0x0000022d7fa248a0 nmethod 23607 0x0000022d0aa7b910 code [0x0000022d0aa7bb00, 0x0000022d0aa7bf00]
Event: 255.567 Thread 0x0000022d7fa248a0 23608       3       com.android.build.gradle.internal.dependency.GenericTransformParameters_Decorated::$gradleFactory (13 bytes)
Event: 255.567 Thread 0x0000022d7fa248a0 nmethod 23608 0x0000022d0aa7c090 code [0x0000022d0aa7c240, 0x0000022d0aa7c3e0]
Event: 255.577 Thread 0x0000022d7fa248a0 23610   !   3       org.codehaus.groovy.runtime.callsite.PojoMetaMethodSite::checkCall (56 bytes)
Event: 255.578 Thread 0x0000022d7fa248a0 nmethod 23610 0x0000022d0aa7c490 code [0x0000022d0aa7c6c0, 0x0000022d0aa7cea0]
Event: 256.070 Thread 0x0000022d7fa248a0 23611   !   3       java.nio.channels.spi.AbstractSelectableChannel::removeKey (71 bytes)
Event: 256.071 Thread 0x0000022d7fa248a0 nmethod 23611 0x0000022d0aa7d290 code [0x0000022d0aa7d460, 0x0000022d0aa7dac8]
Event: 256.078 Thread 0x0000022d7fa248a0 23612       3       sun.nio.ch.WEPollSelectorImpl::implDereg (98 bytes)
Event: 256.079 Thread 0x0000022d7fa248a0 nmethod 23612 0x0000022d0aa7dd10 code [0x0000022d0aa7df20, 0x0000022d0aa7e610]
Event: 256.503 Thread 0x0000022d66606ac0 nmethod 23600 0x0000022d11046490 code [0x0000022d11046640, 0x0000022d110468a8]
Event: 256.504 Thread 0x0000022d66606ac0 23602       4       java.util.concurrent.ConcurrentHashMap::sumCount (60 bytes)
Event: 256.508 Thread 0x0000022d66606ac0 nmethod 23602 0x0000022d11046990 code [0x0000022d11046b20, 0x0000022d11046c30]
Event: 256.508 Thread 0x0000022d66606ac0 23601       4       com.android.utils.StringHelper::appendCapitalized (69 bytes)

GC Heap History (20 events):
Event: 191.244 GC heap before
{Heap before GC invocations=76 (full 0):
 garbage-first heap   total 350208K, used 280339K [0x0000000080000000, 0x0000000100000000)
  region size 1024K, 63 young (64512K), 13 survivors (13312K)
 Metaspace       used 140756K, committed 143680K, reserved 1179648K
  class space    used 19782K, committed 21248K, reserved 1048576K
}
Event: 191.263 GC heap after
{Heap after GC invocations=77 (full 0):
 garbage-first heap   total 350208K, used 242275K [0x0000000080000000, 0x0000000100000000)
  region size 1024K, 12 young (12288K), 12 survivors (12288K)
 Metaspace       used 140756K, committed 143680K, reserved 1179648K
  class space    used 19782K, committed 21248K, reserved 1048576K
}
Event: 193.699 GC heap before
{Heap before GC invocations=78 (full 0):
 garbage-first heap   total 401408K, used 318051K [0x0000000080000000, 0x0000000100000000)
  region size 1024K, 88 young (90112K), 12 survivors (12288K)
 Metaspace       used 140970K, committed 144000K, reserved 1179648K
  class space    used 19809K, committed 21312K, reserved 1048576K
}
Event: 193.717 GC heap after
{Heap after GC invocations=79 (full 0):
 garbage-first heap   total 401408K, used 244153K [0x0000000080000000, 0x0000000100000000)
  region size 1024K, 6 young (6144K), 6 survivors (6144K)
 Metaspace       used 140970K, committed 144000K, reserved 1179648K
  class space    used 19809K, committed 21312K, reserved 1048576K
}
Event: 195.207 GC heap before
{Heap before GC invocations=79 (full 0):
 garbage-first heap   total 401408K, used 361913K [0x0000000080000000, 0x0000000100000000)
  region size 1024K, 121 young (123904K), 6 survivors (6144K)
 Metaspace       used 141118K, committed 144064K, reserved 1179648K
  class space    used 19810K, committed 21312K, reserved 1048576K
}
Event: 195.238 GC heap after
{Heap after GC invocations=80 (full 0):
 garbage-first heap   total 401408K, used 225695K [0x0000000080000000, 0x0000000100000000)
  region size 1024K, 16 young (16384K), 16 survivors (16384K)
 Metaspace       used 141118K, committed 144064K, reserved 1179648K
  class space    used 19810K, committed 21312K, reserved 1048576K
}
Event: 203.282 GC heap before
{Heap before GC invocations=80 (full 0):
 garbage-first heap   total 401408K, used 357791K [0x0000000080000000, 0x0000000100000000)
  region size 1024K, 145 young (148480K), 16 survivors (16384K)
 Metaspace       used 141319K, committed 144320K, reserved 1179648K
  class space    used 19813K, committed 21312K, reserved 1048576K
}
Event: 203.326 GC heap after
{Heap after GC invocations=81 (full 0):
 garbage-first heap   total 401408K, used 236617K [0x0000000080000000, 0x0000000100000000)
  region size 1024K, 16 young (16384K), 16 survivors (16384K)
 Metaspace       used 141319K, committed 144320K, reserved 1179648K
  class space    used 19813K, committed 21312K, reserved 1048576K
}
Event: 205.384 GC heap before
{Heap before GC invocations=81 (full 0):
 garbage-first heap   total 401408K, used 360521K [0x0000000080000000, 0x0000000100000000)
  region size 1024K, 137 young (140288K), 16 survivors (16384K)
 Metaspace       used 141499K, committed 144448K, reserved 1179648K
  class space    used 19821K, committed 21312K, reserved 1048576K
}
Event: 205.415 GC heap after
{Heap after GC invocations=82 (full 0):
 garbage-first heap   total 401408K, used 255358K [0x0000000080000000, 0x0000000100000000)
  region size 1024K, 18 young (18432K), 18 survivors (18432K)
 Metaspace       used 141499K, committed 144448K, reserved 1179648K
  class space    used 19821K, committed 21312K, reserved 1048576K
}
Event: 240.585 GC heap before
{Heap before GC invocations=83 (full 0):
 garbage-first heap   total 401408K, used 343422K [0x0000000080000000, 0x0000000100000000)
  region size 1024K, 123 young (125952K), 18 survivors (18432K)
 Metaspace       used 141677K, committed 144640K, reserved 1179648K
  class space    used 19822K, committed 21312K, reserved 1048576K
}
Event: 240.616 GC heap after
{Heap after GC invocations=84 (full 0):
 garbage-first heap   total 401408K, used 247111K [0x0000000080000000, 0x0000000100000000)
  region size 1024K, 12 young (12288K), 12 survivors (12288K)
 Metaspace       used 141677K, committed 144640K, reserved 1179648K
  class space    used 19822K, committed 21312K, reserved 1048576K
}
Event: 243.200 GC heap before
{Heap before GC invocations=84 (full 0):
 garbage-first heap   total 401408K, used 360775K [0x0000000080000000, 0x0000000100000000)
  region size 1024K, 124 young (126976K), 12 survivors (12288K)
 Metaspace       used 141797K, committed 144832K, reserved 1179648K
  class space    used 19824K, committed 21312K, reserved 1048576K
}
Event: 243.226 GC heap after
{Heap after GC invocations=85 (full 0):
 garbage-first heap   total 401408K, used 223494K [0x0000000080000000, 0x0000000100000000)
  region size 1024K, 14 young (14336K), 14 survivors (14336K)
 Metaspace       used 141797K, committed 144832K, reserved 1179648K
  class space    used 19824K, committed 21312K, reserved 1048576K
}
Event: 246.650 GC heap before
{Heap before GC invocations=85 (full 0):
 garbage-first heap   total 401408K, used 355590K [0x0000000080000000, 0x0000000100000000)
  region size 1024K, 143 young (146432K), 14 survivors (14336K)
 Metaspace       used 142052K, committed 145024K, reserved 1179648K
  class space    used 19830K, committed 21312K, reserved 1048576K
}
Event: 246.679 GC heap after
{Heap after GC invocations=86 (full 0):
 garbage-first heap   total 401408K, used 241381K [0x0000000080000000, 0x0000000100000000)
  region size 1024K, 17 young (17408K), 17 survivors (17408K)
 Metaspace       used 142052K, committed 145024K, reserved 1179648K
  class space    used 19830K, committed 21312K, reserved 1048576K
}
Event: 248.701 GC heap before
{Heap before GC invocations=87 (full 0):
 garbage-first heap   total 401408K, used 337637K [0x0000000080000000, 0x0000000100000000)
  region size 1024K, 133 young (136192K), 17 survivors (17408K)
 Metaspace       used 142249K, committed 145216K, reserved 1179648K
  class space    used 19836K, committed 21312K, reserved 1048576K
}
Event: 248.735 GC heap after
{Heap after GC invocations=88 (full 0):
 garbage-first heap   total 401408K, used 238592K [0x0000000080000000, 0x0000000100000000)
  region size 1024K, 17 young (17408K), 17 survivors (17408K)
 Metaspace       used 142249K, committed 145216K, reserved 1179648K
  class space    used 19836K, committed 21312K, reserved 1048576K
}
Event: 254.175 GC heap before
{Heap before GC invocations=88 (full 0):
 garbage-first heap   total 401408K, used 356352K [0x0000000080000000, 0x0000000100000000)
  region size 1024K, 132 young (135168K), 17 survivors (17408K)
 Metaspace       used 142382K, committed 145408K, reserved 1179648K
  class space    used 19838K, committed 21312K, reserved 1048576K
}
Event: 254.220 GC heap after
{Heap after GC invocations=89 (full 0):
 garbage-first heap   total 401408K, used 215552K [0x0000000080000000, 0x0000000100000000)
  region size 1024K, 9 young (9216K), 9 survivors (9216K)
 Metaspace       used 142382K, committed 145408K, reserved 1179648K
  class space    used 19838K, committed 21312K, reserved 1048576K
}

Dll operation events (20 events):
Event: 0.370 Attempting to load shared library C:\Program Files\Eclipse Adoptium\jdk-21.0.12.8-hotspot\bin\nio.dll
Event: 0.372 Loaded shared library C:\Program Files\Eclipse Adoptium\jdk-21.0.12.8-hotspot\bin\nio.dll
Event: 0.378 Attempting to load shared library C:\Program Files\Eclipse Adoptium\jdk-21.0.12.8-hotspot\bin\zip.dll
Event: 0.378 Loaded shared library C:\Program Files\Eclipse Adoptium\jdk-21.0.12.8-hotspot\bin\zip.dll
Event: 0.836 Attempting to load shared library C:\Program Files\Eclipse Adoptium\jdk-21.0.12.8-hotspot\bin\jimage.dll
Event: 0.836 Loaded shared library C:\Program Files\Eclipse Adoptium\jdk-21.0.12.8-hotspot\bin\jimage.dll
Event: 1.221 Attempting to load shared library C:\Program Files\Eclipse Adoptium\jdk-21.0.12.8-hotspot\bin\verify.dll
Event: 1.222 Loaded shared library C:\Program Files\Eclipse Adoptium\jdk-21.0.12.8-hotspot\bin\verify.dll
Event: 1.382 Attempting to load shared library C:\Users\harsh\.gradle\native\1def1411415f61bf3af743bc5b6707747c0891f09f0c88961ee8f79bc544acac\windows-amd64\native-platform.dll
Event: 1.385 Loaded shared library C:\Users\harsh\.gradle\native\1def1411415f61bf3af743bc5b6707747c0891f09f0c88961ee8f79bc544acac\windows-amd64\native-platform.dll
Event: 1.404 Attempting to load shared library C:\Users\harsh\.gradle\native\0.2.7\x86_64-windows-gnu\gradle-fileevents.dll
Event: 1.408 Loaded shared library C:\Users\harsh\.gradle\native\0.2.7\x86_64-windows-gnu\gradle-fileevents.dll
Event: 3.623 Attempting to load shared library C:\Program Files\Eclipse Adoptium\jdk-21.0.12.8-hotspot\bin\management.dll
Event: 3.627 Loaded shared library C:\Program Files\Eclipse Adoptium\jdk-21.0.12.8-hotspot\bin\management.dll
Event: 3.633 Attempting to load shared library C:\Program Files\Eclipse Adoptium\jdk-21.0.12.8-hotspot\bin\management_ext.dll
Event: 3.637 Loaded shared library C:\Program Files\Eclipse Adoptium\jdk-21.0.12.8-hotspot\bin\management_ext.dll
Event: 4.058 Attempting to load shared library C:\Program Files\Eclipse Adoptium\jdk-21.0.12.8-hotspot\bin\extnet.dll
Event: 4.061 Loaded shared library C:\Program Files\Eclipse Adoptium\jdk-21.0.12.8-hotspot\bin\extnet.dll
Event: 4.722 Attempting to load shared library C:\Program Files\Eclipse Adoptium\jdk-21.0.12.8-hotspot\bin\sunmscapi.dll
Event: 4.729 Loaded shared library C:\Program Files\Eclipse Adoptium\jdk-21.0.12.8-hotspot\bin\sunmscapi.dll

Deoptimization events (20 events):
Event: 251.076 Thread 0x0000022d6283d4c0 Uncommon trap: trap_request=0xffffffbe fr.pc=0x0000022d10fa4f04 relative=0x0000000000003aa4
Event: 251.077 Thread 0x0000022d6283d4c0 Uncommon trap: reason=profile_predicate action=maybe_recompile pc=0x0000022d10fa4f04 method=org.gradle.api.internal.artifacts.ivyservice.resolveengine.graph.builder.DependencyGraphBuilder.performSelectionSerially(Ljava/util/List;Lorg/gradle/api/specs/Spec
Event: 251.077 Thread 0x0000022d6283d4c0 DEOPT PACKING pc=0x0000022d10fa4f04 sp=0x000000d3c23f6e70
Event: 251.077 Thread 0x0000022d6283d4c0 DEOPT UNPACKING pc=0x0000022d0fbe4422 sp=0x000000d3c23f6ee0 mode 2
Event: 251.102 Thread 0x0000022d6283d4c0 Uncommon trap: trap_request=0xffffffbe fr.pc=0x0000022d10fa4f04 relative=0x0000000000003aa4
Event: 251.102 Thread 0x0000022d6283d4c0 Uncommon trap: reason=profile_predicate action=maybe_recompile pc=0x0000022d10fa4f04 method=org.gradle.api.internal.artifacts.ivyservice.resolveengine.graph.builder.DependencyGraphBuilder.performSelectionSerially(Ljava/util/List;Lorg/gradle/api/specs/Spec
Event: 251.102 Thread 0x0000022d6283d4c0 DEOPT PACKING pc=0x0000022d10fa4f04 sp=0x000000d3c23f6c30
Event: 251.102 Thread 0x0000022d6283d4c0 DEOPT UNPACKING pc=0x0000022d0fbe4422 sp=0x000000d3c23f6ca0 mode 2
Event: 251.103 Thread 0x0000022d6283d4c0 Uncommon trap: trap_request=0xffffffbe fr.pc=0x0000022d10fa4f04 relative=0x0000000000003aa4
Event: 251.103 Thread 0x0000022d6283d4c0 Uncommon trap: reason=profile_predicate action=maybe_recompile pc=0x0000022d10fa4f04 method=org.gradle.api.internal.artifacts.ivyservice.resolveengine.graph.builder.DependencyGraphBuilder.performSelectionSerially(Ljava/util/List;Lorg/gradle/api/specs/Spec
Event: 251.103 Thread 0x0000022d6283d4c0 DEOPT PACKING pc=0x0000022d10fa4f04 sp=0x000000d3c23f6c30
Event: 251.103 Thread 0x0000022d6283d4c0 DEOPT UNPACKING pc=0x0000022d0fbe4422 sp=0x000000d3c23f6ca0 mode 2
Event: 251.108 Thread 0x0000022d6283d4c0 Uncommon trap: trap_request=0xffffffbe fr.pc=0x0000022d10fa4f04 relative=0x0000000000003aa4
Event: 251.108 Thread 0x0000022d6283d4c0 Uncommon trap: reason=profile_predicate action=maybe_recompile pc=0x0000022d10fa4f04 method=org.gradle.api.internal.artifacts.ivyservice.resolveengine.graph.builder.DependencyGraphBuilder.performSelectionSerially(Ljava/util/List;Lorg/gradle/api/specs/Spec
Event: 251.108 Thread 0x0000022d6283d4c0 DEOPT PACKING pc=0x0000022d10fa4f04 sp=0x000000d3c23f6c30
Event: 251.108 Thread 0x0000022d6283d4c0 DEOPT UNPACKING pc=0x0000022d0fbe4422 sp=0x000000d3c23f6ca0 mode 2
Event: 253.727 Thread 0x0000022d6d4b9f60 Uncommon trap: trap_request=0xffffff45 fr.pc=0x0000022d102caebc relative=0x000000000000075c
Event: 253.727 Thread 0x0000022d6d4b9f60 Uncommon trap: reason=unstable_if action=reinterpret pc=0x0000022d102caebc method=java.util.concurrent.ConcurrentHashMap.replaceNode(Ljava/lang/Object;Ljava/lang/Object;Ljava/lang/Object;)Ljava/lang/Object; @ 99 c2
Event: 253.727 Thread 0x0000022d6d4b9f60 DEOPT PACKING pc=0x0000022d102caebc sp=0x000000d3c48fea40
Event: 253.727 Thread 0x0000022d6d4b9f60 DEOPT UNPACKING pc=0x0000022d0fbe4422 sp=0x000000d3c48fe9a8 mode 2

Classes loaded (20 events):
Event: 171.461 Loading class javax/crypto/ProviderVerifier
Event: 171.462 Loading class javax/crypto/ProviderVerifier done
Event: 171.631 Loading class java/security/cert/CertificateEncodingException
Event: 171.631 Loading class java/security/cert/CertificateEncodingException done
Event: 174.822 Loading class java/text/MessageFormat
Event: 174.824 Loading class java/text/MessageFormat done
Event: 174.825 Loading class java/text/MessageFormat$Field
Event: 174.825 Loading class java/text/MessageFormat$Field done
Event: 178.568 Loading class java/net/UrlDeserializedState
Event: 178.568 Loading class java/net/UrlDeserializedState done
Event: 178.895 Loading class sun/reflect/misc/MethodUtil
Event: 178.897 Loading class sun/reflect/misc/MethodUtil done
Event: 178.897 Loading class sun/reflect/misc/MethodUtil$1
Event: 178.897 Loading class sun/reflect/misc/MethodUtil$1 done
Event: 179.837 Loading class java/time/Instant$1
Event: 179.838 Loading class java/time/Instant$1 done
Event: 179.946 Loading class java/util/concurrent/CompletableFuture$AsyncRun
Event: 179.947 Loading class java/util/concurrent/CompletableFuture$AsyncRun done
Event: 181.822 Loading class jdk/internal/math/FormattedFPDecimal
Event: 181.823 Loading class jdk/internal/math/FormattedFPDecimal done

Classes unloaded (0 events):
No events

Classes redefined (0 events):
No events

Internal exceptions (20 events):
Event: 254.995 Thread 0x0000022d6283d4c0 Exception <a 'java/lang/NoClassDefFoundError'{0x00000000960b8f00}: org/jetbrains/kotlin/gradle/plugin/KotlinBasePluginWrapper> (0x00000000960b8f00) 
thrown [s\src\hotspot\share\oops\constantPool.cpp, line 873]
Event: 255.041 Thread 0x0000022d6283d4c0 Exception <a 'java/lang/NoClassDefFoundError'{0x0000000095cdac90}: org/jetbrains/kotlin/gradle/plugin/KotlinBasePluginWrapper> (0x0000000095cdac90) 
thrown [s\src\hotspot\share\oops\constantPool.cpp, line 873]
Event: 255.126 Thread 0x0000022d6283d4c0 Exception <a 'java/lang/NoClassDefFoundError'{0x000000009586add8}: org/jetbrains/kotlin/gradle/plugin/KotlinBasePluginWrapper> (0x000000009586add8) 
thrown [s\src\hotspot\share\oops\constantPool.cpp, line 873]
Event: 255.129 Thread 0x0000022d6283d4c0 Exception <a 'java/lang/NoClassDefFoundError'{0x0000000095885f80}: org/jetbrains/kotlin/gradle/plugin/KotlinBasePluginWrapper> (0x0000000095885f80) 
thrown [s\src\hotspot\share\oops\constantPool.cpp, line 873]
Event: 255.132 Thread 0x0000022d6283d4c0 Exception <a 'java/lang/NoClassDefFoundError'{0x000000009589cea0}: org/jetbrains/kotlin/gradle/plugin/KotlinBasePluginWrapper> (0x000000009589cea0) 
thrown [s\src\hotspot\share\oops\constantPool.cpp, line 873]
Event: 255.136 Thread 0x0000022d6283d4c0 Exception <a 'java/lang/NoClassDefFoundError'{0x00000000958b4e60}: org/jetbrains/kotlin/gradle/plugin/KotlinBasePluginWrapper> (0x00000000958b4e60) 
thrown [s\src\hotspot\share\oops\constantPool.cpp, line 873]
Event: 255.138 Thread 0x0000022d6283d4c0 Exception <a 'java/lang/NoClassDefFoundError'{0x00000000958d6b88}: org/jetbrains/kotlin/gradle/plugin/KotlinBasePluginWrapper> (0x00000000958d6b88) 
thrown [s\src\hotspot\share\oops\constantPool.cpp, line 873]
Event: 255.176 Thread 0x0000022d6283d4c0 Exception <a 'java/lang/NoClassDefFoundError'{0x000000009552d508}: org/jetbrains/kotlin/gradle/plugin/KotlinBasePluginWrapper> (0x000000009552d508) 
thrown [s\src\hotspot\share\oops\constantPool.cpp, line 873]
Event: 255.296 Thread 0x0000022d6283d4c0 Exception <a 'java/lang/NoClassDefFoundError'{0x0000000095252cf0}: org/jetbrains/kotlin/gradle/plugin/KotlinBasePluginWrapper> (0x0000000095252cf0) 
thrown [s\src\hotspot\share\oops\constantPool.cpp, line 873]
Event: 255.300 Thread 0x0000022d6283d4c0 Exception <a 'java/lang/NoClassDefFoundError'{0x000000009526dc48}: org/jetbrains/kotlin/gradle/plugin/KotlinBasePluginWrapper> (0x000000009526dc48) 
thrown [s\src\hotspot\share\oops\constantPool.cpp, line 873]
Event: 255.303 Thread 0x0000022d6283d4c0 Exception <a 'java/lang/NoClassDefFoundError'{0x0000000095284db0}: org/jetbrains/kotlin/gradle/plugin/KotlinBasePluginWrapper> (0x0000000095284db0) 
thrown [s\src\hotspot\share\oops\constantPool.cpp, line 873]
Event: 255.309 Thread 0x0000022d6283d4c0 Exception <a 'java/lang/NoClassDefFoundError'{0x000000009529cd70}: org/jetbrains/kotlin/gradle/plugin/KotlinBasePluginWrapper> (0x000000009529cd70) 
thrown [s\src\hotspot\share\oops\constantPool.cpp, line 873]
Event: 255.313 Thread 0x0000022d6283d4c0 Exception <a 'java/lang/NoClassDefFoundError'{0x00000000952bea98}: org/jetbrains/kotlin/gradle/plugin/KotlinBasePluginWrapper> (0x00000000952bea98) 
thrown [s\src\hotspot\share\oops\constantPool.cpp, line 873]
Event: 255.354 Thread 0x0000022d6283d4c0 Exception <a 'java/lang/NoClassDefFoundError'{0x0000000094f15580}: org/jetbrains/kotlin/gradle/plugin/KotlinBasePluginWrapper> (0x0000000094f15580) 
thrown [s\src\hotspot\share\oops\constantPool.cpp, line 873]
Event: 255.451 Thread 0x0000022d6283d4c0 Exception <a 'java/lang/NoClassDefFoundError'{0x0000000094c41130}: org/jetbrains/kotlin/gradle/plugin/KotlinBasePluginWrapper> (0x0000000094c41130) 
thrown [s\src\hotspot\share\oops\constantPool.cpp, line 873]
Event: 255.454 Thread 0x0000022d6283d4c0 Exception <a 'java/lang/NoClassDefFoundError'{0x0000000094c5bf40}: org/jetbrains/kotlin/gradle/plugin/KotlinBasePluginWrapper> (0x0000000094c5bf40) 
thrown [s\src\hotspot\share\oops\constantPool.cpp, line 873]
Event: 255.460 Thread 0x0000022d6283d4c0 Exception <a 'java/lang/NoClassDefFoundError'{0x0000000094c72d20}: org/jetbrains/kotlin/gradle/plugin/KotlinBasePluginWrapper> (0x0000000094c72d20) 
thrown [s\src\hotspot\share\oops\constantPool.cpp, line 873]
Event: 255.463 Thread 0x0000022d6283d4c0 Exception <a 'java/lang/NoClassDefFoundError'{0x0000000094c8ae08}: org/jetbrains/kotlin/gradle/plugin/KotlinBasePluginWrapper> (0x0000000094c8ae08) 
thrown [s\src\hotspot\share\oops\constantPool.cpp, line 873]
Event: 255.474 Thread 0x0000022d6283d4c0 Exception <a 'java/lang/NoClassDefFoundError'{0x0000000094caca08}: org/jetbrains/kotlin/gradle/plugin/KotlinBasePluginWrapper> (0x0000000094caca08) 
thrown [s\src\hotspot\share\oops\constantPool.cpp, line 873]
Event: 255.568 Thread 0x0000022d6283d4c0 Exception <a 'java/lang/NoClassDefFoundError'{0x0000000094900f78}: org/jetbrains/kotlin/gradle/plugin/KotlinBasePluginWrapper> (0x0000000094900f78) 
thrown [s\src\hotspot\share\oops\constantPool.cpp, line 873]

ZGC Phase Switch (0 events):
No events

VM Operations (20 events):
Event: 246.826 Executing safepoint VM operation: G1PauseRemark
Event: 246.846 Executing safepoint VM operation: G1PauseRemark done
Event: 246.962 Executing safepoint VM operation: G1PauseCleanup
Event: 246.962 Executing safepoint VM operation: G1PauseCleanup done
Event: 247.963 Executing safepoint VM operation: Cleanup
Event: 247.963 Executing safepoint VM operation: Cleanup done
Event: 248.701 Executing safepoint VM operation: G1CollectForAllocation (G1 Evacuation Pause)
Event: 248.735 Executing safepoint VM operation: G1CollectForAllocation (G1 Evacuation Pause) done
Event: 249.736 Executing safepoint VM operation: Cleanup
Event: 249.737 Executing safepoint VM operation: Cleanup done
Event: 250.741 Executing safepoint VM operation: Cleanup
Event: 250.741 Executing safepoint VM operation: Cleanup done
Event: 251.743 Executing safepoint VM operation: Cleanup
Event: 253.286 Executing safepoint VM operation: Cleanup done
Event: 254.175 Executing safepoint VM operation: G1CollectForAllocation (G1 Evacuation Pause)
Event: 254.220 Executing safepoint VM operation: G1CollectForAllocation (G1 Evacuation Pause) done
Event: 255.232 Executing safepoint VM operation: Cleanup
Event: 255.232 Executing safepoint VM operation: Cleanup done
Event: 256.237 Executing safepoint VM operation: Cleanup
Event: 256.237 Executing safepoint VM operation: Cleanup done

Memory protections (0 events):
No events

Nmethod flushes (20 events):
Event: 246.843 Thread 0x0000022d7f9f8eb0 flushing  nmethod 0x0000022d092a4110
Event: 246.843 Thread 0x0000022d7f9f8eb0 flushing  nmethod 0x0000022d092a4490
Event: 246.843 Thread 0x0000022d7f9f8eb0 flushing  nmethod 0x0000022d092a8810
Event: 246.843 Thread 0x0000022d7f9f8eb0 flushing  nmethod 0x0000022d093c0810
Event: 246.843 Thread 0x0000022d7f9f8eb0 flushing  nmethod 0x0000022d093c1410
Event: 246.843 Thread 0x0000022d7f9f8eb0 flushing  nmethod 0x0000022d093e7510
Event: 246.843 Thread 0x0000022d7f9f8eb0 flushing  nmethod 0x0000022d09790a90
Event: 246.843 Thread 0x0000022d7f9f8eb0 flushing  nmethod 0x0000022d09796910
Event: 246.843 Thread 0x0000022d7f9f8eb0 flushing  nmethod 0x0000022d09797990
Event: 246.843 Thread 0x0000022d7f9f8eb0 flushing  nmethod 0x0000022d097f5a10
Event: 246.843 Thread 0x0000022d7f9f8eb0 flushing  nmethod 0x0000022d097f6a10
Event: 246.843 Thread 0x0000022d7f9f8eb0 flushing  nmethod 0x0000022d09802f10
Event: 246.843 Thread 0x0000022d7f9f8eb0 flushing  nmethod 0x0000022d099e6190
Event: 246.843 Thread 0x0000022d7f9f8eb0 flushing  nmethod 0x0000022d099e6c10
Event: 246.843 Thread 0x0000022d7f9f8eb0 flushing  nmethod 0x0000022d099e8610
Event: 246.843 Thread 0x0000022d7f9f8eb0 flushing  nmethod 0x0000022d099e9810
Event: 246.843 Thread 0x0000022d7f9f8eb0 flushing  nmethod 0x0000022d099e9f90
Event: 246.843 Thread 0x0000022d7f9f8eb0 flushing  nmethod 0x0000022d09aa0010
Event: 246.843 Thread 0x0000022d7f9f8eb0 flushing  nmethod 0x0000022d09d53d90
Event: 246.843 Thread 0x0000022d7f9f8eb0 flushing  nmethod 0x0000022d09d57d10

Events (20 events):
Event: 253.672 Thread 0x0000022d6283d4c0 Thread added: 0x0000022d6d4b8520
Event: 253.675 Thread 0x0000022d6283d4c0 Thread added: 0x0000022d6d4b9240
Event: 253.677 Thread 0x0000022d6283d4c0 Thread added: 0x0000022d6d4b9f60
Event: 253.678 Thread 0x0000022d6283d4c0 Thread added: 0x0000022d6d4bac80
Event: 253.678 Thread 0x0000022d6283d4c0 Thread added: 0x0000022d6d4bcd50
Event: 253.678 Thread 0x0000022d6283d4c0 Thread added: 0x0000022d6d4bee20
Event: 253.813 Thread 0x0000022d6283d4c0 Thread added: 0x0000022d6d4bb9a0
Event: 253.821 Thread 0x0000022d6283d4c0 Thread added: 0x0000022d6d4be790
Event: 253.828 Thread 0x0000022d6283d4c0 Thread added: 0x0000022d6d4bf4b0
Event: 253.829 Thread 0x0000022d6283d4c0 Thread added: 0x0000022d6d4bc6c0
Event: 253.829 Thread 0x0000022d6283d4c0 Thread added: 0x0000022d6d4bd3e0
Event: 253.830 Thread 0x0000022d6283d4c0 Thread added: 0x0000022d6d4bc030
Event: 253.833 Thread 0x0000022d6283d4c0 Thread added: 0x0000022d6d4bfb40
Event: 253.834 Thread 0x0000022d6283d4c0 Thread added: 0x0000022d6d4c01d0
Event: 253.835 Thread 0x0000022d6283d4c0 Thread added: 0x0000022d6d4c0860
Event: 253.836 Thread 0x0000022d6283d4c0 Thread added: 0x0000022d6d4c0ef0
Event: 253.836 Thread 0x0000022d6283d4c0 Thread added: 0x0000022d6d4bda70
Event: 253.857 Thread 0x0000022d7fa241f0 Thread added: 0x0000022d66606ac0
Event: 254.125 Thread 0x0000022d66606ac0 Thread exited: 0x0000022d66606ac0
Event: 255.189 Thread 0x0000022d7fa248a0 Thread added: 0x0000022d66606ac0


Dynamic libraries:
0x00007ff79cc30000 - 0x00007ff79cc3e000 	C:\Program Files\Eclipse Adoptium\jdk-21.0.12.8-hotspot\bin\java.exe
0x00007ffa8fa60000 - 0x00007ffa8fcc6000 	C:\WINDOWS\SYSTEM32\ntdll.dll
0x00007ffa8f610000 - 0x00007ffa8f6d9000 	C:\WINDOWS\System32\KERNEL32.DLL
0x00007ffa8cee0000 - 0x00007ffa8d2de000 	C:\WINDOWS\System32\KERNELBASE.dll
0x00007ffa8cd90000 - 0x00007ffa8cedc000 	C:\WINDOWS\System32\ucrtbase.dll
0x00007ffa64b70000 - 0x00007ffa64b8e000 	C:\Program Files\Eclipse Adoptium\jdk-21.0.12.8-hotspot\bin\VCRUNTIME140.dll
0x00007ffa64b90000 - 0x00007ffa64ba8000 	C:\Program Files\Eclipse Adoptium\jdk-21.0.12.8-hotspot\bin\jli.dll
0x00007ffa8e920000 - 0x00007ffa8eae7000 	C:\WINDOWS\System32\USER32.dll
0x00007ffa8d430000 - 0x00007ffa8d457000 	C:\WINDOWS\System32\win32u.dll
0x00007ffa73230000 - 0x00007ffa734c2000 	C:\WINDOWS\WinSxS\amd64_microsoft.windows.common-controls_6595b64144ccf1df_6.0.26100.8875_none_3e0d5d42e32fe9dd\COMCTL32.dll
0x00007ffa8f5a0000 - 0x00007ffa8f5cb000 	C:\WINDOWS\System32\GDI32.dll
0x00007ffa8db80000 - 0x00007ffa8dc29000 	C:\WINDOWS\System32\msvcrt.dll
0x00007ffa8d460000 - 0x00007ffa8d58a000 	C:\WINDOWS\System32\gdi32full.dll
0x00007ffa8d2f0000 - 0x00007ffa8d393000 	C:\WINDOWS\System32\msvcp_win.dll
0x00007ffa8f5d0000 - 0x00007ffa8f602000 	C:\WINDOWS\System32\IMM32.DLL
0x00007ffa6c290000 - 0x00007ffa6c29c000 	C:\Program Files\Eclipse Adoptium\jdk-21.0.12.8-hotspot\bin\vcruntime140_1.dll
0x00007ffa0dd80000 - 0x00007ffa0de0d000 	C:\Program Files\Eclipse Adoptium\jdk-21.0.12.8-hotspot\bin\msvcp140.dll
0x00007ff9e28d0000 - 0x00007ff9e3672000 	C:\Program Files\Eclipse Adoptium\jdk-21.0.12.8-hotspot\bin\server\jvm.dll
0x00007ffa8d7c0000 - 0x00007ffa8d877000 	C:\WINDOWS\System32\ADVAPI32.dll
0x00007ffa8e690000 - 0x00007ffa8e73a000 	C:\WINDOWS\System32\sechost.dll
0x00007ffa8f460000 - 0x00007ffa8f578000 	C:\WINDOWS\System32\RPCRT4.dll
0x00007ffa8e500000 - 0x00007ffa8e580000 	C:\WINDOWS\System32\WS2_32.dll
0x00007ffa8b840000 - 0x00007ffa8b89e000 	C:\WINDOWS\SYSTEM32\POWRPROF.dll
0x00007ffa85960000 - 0x00007ffa85996000 	C:\WINDOWS\SYSTEM32\WINMM.dll
0x00007ffa89cf0000 - 0x00007ffa89cfb000 	C:\WINDOWS\SYSTEM32\VERSION.dll
0x00007ffa8b820000 - 0x00007ffa8b834000 	C:\WINDOWS\SYSTEM32\UMPDC.dll
0x00007ffa8bb10000 - 0x00007ffa8bb2b000 	C:\WINDOWS\SYSTEM32\kernel.appcore.dll
0x00007ffa6c1e0000 - 0x00007ffa6c1ea000 	C:\Program Files\Eclipse Adoptium\jdk-21.0.12.8-hotspot\bin\jimage.dll
0x00007ffa854e0000 - 0x00007ffa85722000 	C:\WINDOWS\SYSTEM32\DBGHELP.DLL
0x00007ffa8e170000 - 0x00007ffa8e4f3000 	C:\WINDOWS\System32\combase.dll
0x00007ffa8f380000 - 0x00007ffa8f459000 	C:\WINDOWS\System32\OLEAUT32.dll
0x00007ffa6c020000 - 0x00007ffa6c05b000 	C:\WINDOWS\SYSTEM32\dbgcore.DLL
0x00007ffa8d710000 - 0x00007ffa8d7bc000 	C:\WINDOWS\System32\bcryptPrimitives.dll
0x00007ffa673d0000 - 0x00007ffa673df000 	C:\Program Files\Eclipse Adoptium\jdk-21.0.12.8-hotspot\bin\instrument.dll
0x00007ffa64b50000 - 0x00007ffa64b70000 	C:\Program Files\Eclipse Adoptium\jdk-21.0.12.8-hotspot\bin\java.dll
0x00007ffa8ebe0000 - 0x00007ffa8f372000 	C:\WINDOWS\System32\SHELL32.dll
0x00007ffa8a770000 - 0x00007ffa8b002000 	C:\WINDOWS\SYSTEM32\windows.storage.dll
0x00007ffa8e590000 - 0x00007ffa8e687000 	C:\WINDOWS\System32\SHCORE.dll
0x00007ffa8dab0000 - 0x00007ffa8db17000 	C:\WINDOWS\System32\shlwapi.dll
0x00007ffa8cbf0000 - 0x00007ffa8cc19000 	C:\WINDOWS\SYSTEM32\profapi.dll
0x00007ffa02b60000 - 0x00007ffa02c37000 	C:\Program Files\Eclipse Adoptium\jdk-21.0.12.8-hotspot\bin\jsvml.dll
0x00007ffa64b30000 - 0x00007ffa64b48000 	C:\Program Files\Eclipse Adoptium\jdk-21.0.12.8-hotspot\bin\zip.dll
0x00007ffa65e80000 - 0x00007ffa65e90000 	C:\Program Files\Eclipse Adoptium\jdk-21.0.12.8-hotspot\bin\net.dll
0x00007ffa7bb60000 - 0x00007ffa7bc87000 	C:\WINDOWS\SYSTEM32\WINHTTP.dll
0x00007ffa8c0b0000 - 0x00007ffa8c11c000 	C:\WINDOWS\system32\mswsock.dll
0x00007ffa649d0000 - 0x00007ffa649e6000 	C:\Program Files\Eclipse Adoptium\jdk-21.0.12.8-hotspot\bin\nio.dll
0x00007ffa789c0000 - 0x00007ffa789d0000 	C:\Program Files\Eclipse Adoptium\jdk-21.0.12.8-hotspot\bin\verify.dll
0x00007ffa6c300000 - 0x00007ffa6c327000 	C:\Users\harsh\.gradle\native\1def1411415f61bf3af743bc5b6707747c0891f09f0c88961ee8f79bc544acac\windows-amd64\native-platform.dll
0x00007ffa11b80000 - 0x00007ffa11bf8000 	C:\Users\harsh\.gradle\native\0.2.7\x86_64-windows-gnu\gradle-fileevents.dll
0x00007ffa789b0000 - 0x00007ffa789ba000 	C:\Program Files\Eclipse Adoptium\jdk-21.0.12.8-hotspot\bin\management.dll
0x00007ffa789a0000 - 0x00007ffa789ac000 	C:\Program Files\Eclipse Adoptium\jdk-21.0.12.8-hotspot\bin\management_ext.dll
0x00007ffa8eaf0000 - 0x00007ffa8eaf8000 	C:\WINDOWS\System32\PSAPI.DLL
0x00007ffa8b430000 - 0x00007ffa8b463000 	C:\WINDOWS\SYSTEM32\IPHLPAPI.DLL
0x00007ffa8eb00000 - 0x00007ffa8eb0a000 	C:\WINDOWS\System32\NSI.dll
0x00007ffa65cf0000 - 0x00007ffa65cf9000 	C:\Program Files\Eclipse Adoptium\jdk-21.0.12.8-hotspot\bin\extnet.dll
0x00007ffa8c3a0000 - 0x00007ffa8c3bb000 	C:\WINDOWS\SYSTEM32\CRYPTSP.dll
0x00007ffa8ba70000 - 0x00007ffa8baa9000 	C:\WINDOWS\system32\rsaenh.dll
0x00007ffa8c160000 - 0x00007ffa8c192000 	C:\WINDOWS\SYSTEM32\USERENV.dll
0x00007ffa8cbc0000 - 0x00007ffa8cbea000 	C:\WINDOWS\SYSTEM32\bcrypt.dll
0x00007ffa8c3c0000 - 0x00007ffa8c3cc000 	C:\WINDOWS\SYSTEM32\CRYPTBASE.dll
0x00007ffa658f0000 - 0x00007ffa658fe000 	C:\Program Files\Eclipse Adoptium\jdk-21.0.12.8-hotspot\bin\sunmscapi.dll
0x00007ffa8d590000 - 0x00007ffa8d708000 	C:\WINDOWS\System32\CRYPT32.dll
0x00007ffa8c5c0000 - 0x00007ffa8c5f0000 	C:\WINDOWS\SYSTEM32\ncrypt.dll
0x00007ffa8c570000 - 0x00007ffa8c5af000 	C:\WINDOWS\SYSTEM32\NTASN1.dll
0x00007ffa6f2f0000 - 0x00007ffa6f2f8000 	C:\WINDOWS\system32\wshunix.dll

JVMTI agents:
C:\Users\harsh\.gradle\wrapper\dists\gradle-8.13-bin\5xuhj0ry160q40clulazy9h7d\gradle-8.13\lib\agents\gradle-instrumentation-agent-8.13.jar path:C:\Program Files\Eclipse Adoptium\jdk-21.0.12.8-hotspot\bin\instrument.dll, loaded, initialized, instrumentlib options:none

dbghelp: loaded successfully - version: 4.0.5 - missing functions: none
symbol engine: initialized successfully - sym options: 0x614 - pdb path: .;C:\Program Files\Eclipse Adoptium\jdk-21.0.12.8-hotspot\bin;C:\WINDOWS\SYSTEM32;C:\WINDOWS\WinSxS\amd64_microsoft.windows.common-controls_6595b64144ccf1df_6.0.26100.8875_none_3e0d5d42e32fe9dd;C:\Program Files\Eclipse Adoptium\jdk-21.0.12.8-hotspot\bin\server;C:\Users\harsh\.gradle\native\1def1411415f61bf3af743bc5b6707747c0891f09f0c88961ee8f79bc544acac\windows-amd64;C:\Users\harsh\.gradle\native\0.2.7\x86_64-windows-gnu

VM Arguments:
jvm_args: --add-opens=java.base/java.lang=ALL-UNNAMED --add-opens=java.base/java.lang.invoke=ALL-UNNAMED --add-opens=java.base/java.util=ALL-UNNAMED --add-opens=java.prefs/java.util.prefs=ALL-UNNAMED --add-exports=jdk.compiler/com.sun.tools.javac.api=ALL-UNNAMED --add-exports=jdk.compiler/com.sun.tools.javac.util=ALL-UNNAMED --add-opens=java.base/java.util=ALL-UNNAMED --add-opens=java.prefs/java.util.prefs=ALL-UNNAMED --add-opens=java.base/java.nio.charset=ALL-UNNAMED --add-opens=java.base/java.net=ALL-UNNAMED --add-opens=java.base/java.util.concurrent.atomic=ALL-UNNAMED --add-opens=java.xml/javax.xml.namespace=ALL-UNNAMED -Xmx2048m -Dfile.encoding=UTF-8 -Duser.country=US -Duser.language=en -Duser.variant -javaagent:C:\Users\harsh\.gradle\wrapper\dists\gradle-8.13-bin\5xuhj0ry160q40clulazy9h7d\gradle-8.13\lib\agents\gradle-instrumentation-agent-8.13.jar 
java_command: org.gradle.launcher.daemon.bootstrap.GradleDaemon 8.13
java_class_path (initial): C:\Users\harsh\.gradle\wrapper\dists\gradle-8.13-bin\5xuhj0ry160q40clulazy9h7d\gradle-8.13\lib\gradle-daemon-main-8.13.jar
Launcher Type: SUN_STANDARD

[Global flags]
     intx CICompilerCount                          = 4                                         {product} {ergonomic}
     uint ConcGCThreads                            = 3                                         {product} {ergonomic}
     uint G1ConcRefinementThreads                  = 10                                        {product} {ergonomic}
   size_t G1HeapRegionSize                         = 1048576                                   {product} {ergonomic}
    uintx GCDrainStackTargetSize                   = 64                                        {product} {ergonomic}
   size_t InitialHeapSize                          = 264241152                                 {product} {ergonomic}
   size_t MarkStackSize                            = 4194304                                   {product} {ergonomic}
   size_t MaxHeapSize                              = 2147483648                                {product} {command line}
   size_t MaxNewSize                               = 1287651328                                {product} {ergonomic}
   size_t MinHeapDeltaBytes                        = 1048576                                   {product} {ergonomic}
   size_t MinHeapSize                              = 8388608                                   {product} {ergonomic}
    uintx NonNMethodCodeHeapSize                   = 5839372                                {pd product} {ergonomic}
    uintx NonProfiledCodeHeapSize                  = 122909434                              {pd product} {ergonomic}
    uintx ProfiledCodeHeapSize                     = 122909434                              {pd product} {ergonomic}
    uintx ReservedCodeCacheSize                    = 251658240                              {pd product} {ergonomic}
     bool SegmentedCodeCache                       = true                                      {product} {ergonomic}
   size_t SoftMaxHeapSize                          = 2147483648                             {manageable} {ergonomic}
     bool UseCompressedOops                        = true                           {product lp64_product} {ergonomic}
     bool UseG1GC                                  = true                                      {product} {ergonomic}
     bool UseLargePagesIndividualAllocation        = false                                  {pd product} {ergonomic}

Logging:
Log output configuration:
 #0: stdout all=warning uptime,level,tags foldmultilines=false
 #1: stderr all=off uptime,level,tags foldmultilines=false

Release file:
IMPLEMENTOR="Eclipse Adoptium" 
IMPLEMENTOR_VERSION="Temurin-21.0.12+8" 
JAVA_RUNTIME_VERSION="21.0.12+8-LTS" 
JAVA_VERSION="21.0.12" 
JAVA_VERSION_DATE="2026-07-21" 
LIBC="default" 
MODULES="java.base java.compiler java.datatransfer java.xml java.prefs java.desktop java.instrument java.logging java.management java.security.sasl java.naming java.rmi java.management.rmi java.net.http java.scripting java.security.jgss java.transaction.xa java.sql java.sql.rowset java.xml.crypto java.se java.smartcardio jdk.accessibility jdk.internal.jvmstat jdk.attach jdk.charsets jdk.internal.opt jdk.zipfs jdk.compiler jdk.crypto.ec jdk.crypto.cryptoki jdk.crypto.mscapi jdk.dynalink jdk.internal.ed jdk.editpad jdk.hotspot.agent jdk.httpserver jdk.incubator.vector jdk.internal.le jdk.internal.vm.ci jdk.internal.vm.compiler jdk.internal.vm.compiler.management jdk.jartool jdk.javadoc jdk.jcmd jdk.management jdk.management.agent jdk.jconsole jdk.jdeps jdk.jdwp.agent jdk.jdi jdk.jfr jdk.jlink jdk.jpackage jdk.jshell jdk.jsobject jdk.jstatd jdk.localedata jdk.management.jfr jdk.naming.dns jdk.naming.rmi jdk.net jdk.nio.mapmode jdk.random jdk.sctp jdk.security.auth jdk.security.jgss jdk.unsupported jdk.unsupported.desktop jdk.xml.dom" 
OS_ARCH="x86_64" 
OS_NAME="Windows" 
SOURCE=".:git:04806bcb1d50" 
BUILD_SOURCE="git:e6ba7dec3d07654074559310376a3ae89da5f4ac"
BUILD_SOURCE_REPO="https://github.com/adoptium/temurin-build.git"
SOURCE_REPO="https://github.com/adoptium/jdk21u.git"
FULL_VERSION="21.0.12+8-LTS"
SEMANTIC_VERSION="21.0.12+8"
BUILD_INFO="OS: Windows Server 2022 Version: 10.0"
JVM_VARIANT="Hotspot"
JVM_VERSION="21.0.12+8-LTS"
IMAGE_TYPE="JDK"

Environment Variables:
PATH=C:\Program Files\Common Files\Oracle\Java\javapath;C:\Program Files\Python313\Scripts\;C:\Program Files\Python313\;C:\Program Files (x86)\Common Files\Intel\Shared Libraries\redist\intel64\compiler;C:\ProgramData\Oracle\Java\javapath;C:\Program Files\Python312\Scripts\;C:\Program Files\Python312\;C:\WINDOWS\system32;C:\WINDOWS;C:\WINDOWS\System32\Wbem;C:\WINDOWS\System32\WindowsPowerShell\v1.0\;C:\WINDOWS\System32\OpenSSH\;C:\Program Files\dotnet\;D:\NOSQL\bin;C:\Program Files\Python312\Scripts;C:\msys64\ucrt64\bin;C:\Program Files\nodejs;C:\Users\harsh\AppData\Local\Microsoft\WindowsApps;C:\Users\harsh\AppData\Roaming\npm;C:\Users\harsh\AppData\Local\Programs\Microsoft VS Code\bin;C:\Users\harsh\.furhat\launcher\JDK\jdk8u265-b01\bin;C:\Program Files\Git\cmd;C:\Program Files\Tesseract-OCR;C:\Users\harsh\AppData\Roaming\Python\Python312\Scripts;C:\Program Files\Python313\Scripts;C:\WINDOWS\system32;C:\WINDOWS;C:\WINDOWS\System32\Wbem;C:\WINDOWS\System32\WindowsPowerShell\v1.0\;C:\WINDOWS\System32\OpenSSH\;C:\ProgramData\chocolatey\bin;C:\Program Files\MongoDB\Server\8.0\bin;C:\Users\harsh\AppData\Roaming\Python\Python313\Scripts;C:\Program Files\Java\jdk-25\bin;C:\Program Files\nodejs\;C:\Users\harsh\AppData\Local\Programs\Ollama;C:\Users\harsh\.local\bin;C:\Program Files\GitHub CLI\;C:\Program Files\Amazon\AWSCLIV2\;C:\Program Files (x86)\cloudflared\;C:\Users\harsh\AppData\Local\Microsoft\WindowsApps;C:\Users\harsh\AppData\Local\Programs\Microsoft VS Code\bin;D:\NOSQL\bin;C:\Program Files\Python312\Scripts;C:\msys64\ucrt64\bin;C:\Program Files\nodejs;C:\Program Files\Tesseract-OCR;C:\Users\harsh\AppData\Roaming\Python\Python312\Scripts\;C:\Program Files\Python313\Scripts;C:\flutter\bin;C:\Users\harsh\.dotnet\tools;C:\Users\harsh\AppData\Local\Programs\mongosh\;C:\Program Files\Java\jdk-25\bin;C:\Users\harsh\AppData\Roaming\npm;C:\Users\harsh\AppData\Local\Programs\Ollama;C:\Users\harsh\.local\bin;C:\Users\harsh\AppData\Local\Microsoft\WindowsApps;
USERNAME=harsh
OS=Windows_NT
PROCESSOR_IDENTIFIER=Intel64 Family 6 Model 154 Stepping 4, GenuineIntel
TMP=C:\Users\harsh\AppData\Local\Temp
TEMP=C:\Users\harsh\AppData\Local\Temp




Periodic native trim disabled

---------------  S Y S T E M  ---------------

OS:
 Windows 11 , 64 bit Build 26100 (10.0.26100.8875)
OS uptime: 7 days 3:03 hours
Hyper-V role detected

CPU: total 12 (initial active 12) (6 cores per cpu, 2 threads per core) family 6 model 154 stepping 4 microcode 0x437, cx8, cmov, fxsr, ht, mmx, 3dnowpref, sse, sse2, sse3, ssse3, sse4.1, sse4.2, popcnt, lzcnt, tsc, tscinvbit, avx, avx2, aes, erms, clmul, bmi1, bmi2, adx, sha, fma, vzeroupper, clflush, clflushopt, clwb, hv, serialize, rdtscp, rdpid, fsrm, f16c, cet_ibt, cet_ss
Processor Information for processor 0
  Max Mhz: 1100, Current Mhz: 1100, Mhz Limit: 1100
Processor Information for processor 1
  Max Mhz: 1100, Current Mhz: 1100, Mhz Limit: 1100
Processor Information for processor 2
  Max Mhz: 1100, Current Mhz: 1100, Mhz Limit: 1100
Processor Information for processor 3
  Max Mhz: 1100, Current Mhz: 1100, Mhz Limit: 1100
Processor Information for processor 4
  Max Mhz: 1100, Current Mhz: 800, Mhz Limit: 792
Processor Information for processor 5
  Max Mhz: 1100, Current Mhz: 800, Mhz Limit: 792
Processor Information for processor 6
  Max Mhz: 1100, Current Mhz: 800, Mhz Limit: 792
Processor Information for processor 7
  Max Mhz: 1100, Current Mhz: 800, Mhz Limit: 792
Processor Information for processor 8
  Max Mhz: 1100, Current Mhz: 800, Mhz Limit: 792
Processor Information for processor 9
  Max Mhz: 1100, Current Mhz: 800, Mhz Limit: 792
Processor Information for processor 10
  Max Mhz: 1100, Current Mhz: 800, Mhz Limit: 792
Processor Information for processor 11
  Max Mhz: 1100, Current Mhz: 800, Mhz Limit: 792

Memory: 4k page, system-wide physical 16077M (888M free)
TotalPageFile size 55127M (AvailPageFile size 19M)
current process WorkingSet (physical memory assigned to process): 623M, peak: 689M
current process commit charge ("private bytes"): 817M, peak: 824M

vm_info: OpenJDK 64-Bit Server VM (21.0.12+8-LTS) for windows-amd64 JRE (21.0.12+8-LTS), built on 2026-07-21T00:00:00Z by "admin" with MS VC++ 17.12 (VS2022)

END.
